,Candidato,Número,Partido,Gênero,Naturalidade,Cor,Estado civil,Grau de instrução,Data de nascimento,Coalisão,Image URL,Idade,Total de recursos recebidos (R$),Fundo partidário,Fundo especial,Outros recursos,Recursos financeiros,Doação de pessoas físicas,Recursos estimáveis,Doação de partidos,Recursos próprios,Limite de gastos (R$),Total de despesas contratadas (R$),Total de despesas pagas (R$),Total de Bens Declarados,Vezes em que concorreu
0,A ALEX PROFESSOR DE DIREITA,22000,PL,Masculino,FLORIANÓPOLIS / SC,branca,Divorciado,Superior completo,1983-06-17,PL,https://d99xxpiicwteh.cloudfront.net/data-profile/img/2024/oficial/240002149667.jpeg,41.0,104000.0,0.0,98.08,1.92,100.0,0.0,0.0,0.0,1.92,253058.41,39943.0,20443.0,1569825.4,1
1,ADELIO JOSE DA COSTA,70777,AVANTE,Masculino,FLORIANÓPOLIS / SC,branca,Casado,Ensino Médio completo,1953-12-26,AVANTE,https://d99xxpiicwteh.cloudfront.net/data-profile/img/2024/oficial/240002348466.jpeg,70.0,586.0,0.0,0.0,100.0,100.0,0.0,0.0,0.0,100.0,253058.41,586.0,586.0,100000.0,0
2,ADI MENSAGEIRO SERTANEJO,20456,PODE,Feminino,FLORIANÓPOLIS / SC,branca,Casada,Ensino Fundamental incompleto,1950-11-16,PODE,https://d99xxpiicwteh.cloudfront.net/data-profile/img/2024/oficial/240002029040.jpeg,73.0,3000.0,0.0,100.0,0.0,100.0,0.0,0.0,0.0,0.0,,,,0.0,0
3,ADRIANA FERNANDES,22422,PL,Feminino,FLORIANÓPOLIS / SC,branca,Casada,Superior completo,1966-10-22,PL,https://d99xxpiicwteh.cloudfront.net/data-profile/img/2024/oficial/240002149658.jpeg,57.0,55950.0,0.0,89.37,10.63,100.0,0.36,0.0,0.0,8.76,253058.41,5374.03,5374.03,336000.0,0
4,ADRIANINHO,10111,REPUBLICANOS,Masculino,FLORIANÓPOLIS / SC,branca,Solteiro,Ensino Médio completo,1974-09-30,REPUBLICANOS,https://d99xxpiicwteh.cloudfront.net/data-profile/img/2024/oficial/240001947373.jpeg,50.0,29657.09,0.0,28.1,71.9,100.0,54.12,0.0,0.0,2.7,253058.41,25005.33,25005.33,336573.0,3
5,ADRIANO DA PESCA,44244,UNIÃO,Feminino,FLORIANÓPOLIS / SC,branca,Casada,Superior completo,1973-01-23,UNIÃO,https://d99xxpiicwteh.cloudfront.net/data-profile/img/2024/oficial/240002149005.jpeg,51.0,50878.5,0.0,76.89,23.11,100.0,3.93,0.0,0.0,19.18,253058.41,29392.72,28196.36,590800.0,2
6,AFRÂNIO BOPPRÉ,50100,PSOL,Feminino,FLORIANÓPOLIS / SC,branca,Casada,Superior completo,1960-10-30,Federação PSOL REDE(PSOL/REDE),https://d99xxpiicwteh.cloudfront.net/data-profile/img/2024/oficial/240002293303.jpeg,63.0,154145.21,0.0,91.59,8.41,100.0,0.68,0.0,0.0,0.0,253058.41,70546.59,70546.59,1516534.82,9
7,ALÉSIO O BRUXO DAS PLANTAS,13111,PT,Masculino,FLORIANÓPOLIS / SC,branca,Casado,Superior completo,1950-03-26,Federação BRASIL DA ESPERANÇA - FE BRASIL(PT/PC do B/PV),https://d99xxpiicwteh.cloudfront.net/data-profile/img/2024/oficial/240002149311.jpeg,74.0,41719.2,0.0,19.29,80.71,92.81,76.22,7.19,7.19,0.0,253058.41,29266.75,29266.75,417457.72,0
8,ALESSANDRA LIMA,55620,PSD,Feminino,FLORIANÓPOLIS / SC,branca,Solteira,Ensino Fundamental incompleto,1984-07-16,PSD,https://d99xxpiicwteh.cloudfront.net/data-profile/img/2024/oficial/240001988750.jpeg,40.0,10000.0,0.0,100.0,0.0,100.0,0.0,0.0,0.0,0.0,,,,0.0,0
9,ALEX SANTANA,45888,PSDB,Masculino,FLORIANÓPOLIS / SC,branca,Divorciado,Ensino Médio completo,1976-11-15,Federação PSDB CIDADANIA(PSDB/CIDADANIA),https://d99xxpiicwteh.cloudfront.net/data-profile/img/2024/oficial/240002292445.jpeg,47.0,25000.0,0.0,100.0,0.0,100.0,0.0,0.0,0.0,0.0,253058.41,12506.0,6500.0,157900.0,1
10,ALEXANDRE FAUSTINO GO BECK,20333,PODE,Masculino,FLORIANÓPOLIS / SC,branca,Solteiro,Ensino Médio completo,1972-01-26,PODE,https://d99xxpiicwteh.cloudfront.net/data-profile/img/2024/oficial/240002029042.jpeg,52.0,6000.0,0.0,100.0,0.0,100.0,0.0,0.0,0.0,0.0,,,,11000.0,0
11,ALEXANDRE LEITE,45515,PSDB,Feminino,FLORIANÓPOLIS / SC,branca,Casada,Superior completo,1968-04-03,Federação PSDB CIDADANIA(PSDB/CIDADANIA),https://d99xxpiicwteh.cloudfront.net/data-profile/img/2024/oficial/240002364185.jpeg,56.0,10000.0,0.0,100.0,0.0,100.0,0.0,0.0,0.0,0.0,,,,0.0,5
12,ALICE GONÇALVES,12333,PDT,Feminino,FLORIANÓPOLIS / SC,parda,Solteira,Superior completo,1997-03-10,PDT,https://d99xxpiicwteh.cloudfront.net/data-profile/img/2024/oficial/240002292897.jpeg,27.0,6000.0,0.0,100.0,0.0,100.0,0.0,0.0,0.0,0.0,,,,0.0,0
13,ALINE GUIMARÃES (KELLENZINHA),20069,PODE,Feminino,PORTO ALEGRE / RS,branca,Casada,Ensino Médio completo,1982-09-11,PODE,https://d99xxpiicwteh.cloudfront.net/data-profile/img/2024/oficial/240002029025.jpeg,42.0,20141.0,0.0,99.3,0.7,100.0,0.7,0.0,0.0,0.0,253058.41,10800.0,5000.0,10800.0,0
14,ALISON FORTUNATO,30007,NOVO,Feminino,IMARUÍ / SC,branca,Solteira,Superior completo,1988-02-07,NOVO,https://d99xxpiicwteh.cloudfront.net/data-profile/img/2024/oficial/240001911801.jpeg,36.0,14433.05,0.0,53.7,46.3,85.45,0.0,14.55,14.55,0.0,253058.41,11831.68,11831.68,0.0,0
15,AMANDA WENCESLAU,80123,UP,Feminino,TIJUCAS / SC,preta,Solteira,Ensino Médio completo,2001-11-04,UP,https://d99xxpiicwteh.cloudfront.net/data-profile/img/2024/oficial/240002029092.jpeg,22.0,11749.5,0.0,100.0,0.0,100.0,0.0,0.0,0.0,0.0,253058.41,3013.5,0.0,0.0,0
16,ANALTO ROMALINO (PEREBA),12015,PDT,Feminino,FLORIANÓPOLIS / SC,branca,Viúva,Ensino Médio completo,1960-12-07,PDT,https://d99xxpiicwteh.cloudfront.net/data-profile/img/2024/oficial/240002292901.jpeg,63.0,,,,,,,,,,,,,57000.0,7
17,ANDHER VILIAN,13007,PT,Masculino,FLORIANÓPOLIS / SC,preta,Divorciado,Ensino Médio completo,1985-11-05,Federação BRASIL DA ESPERANÇA - FE BRASIL(PT/PC do B/PV),https://d99xxpiicwteh.cloudfront.net/data-profile/img/2024/oficial/240002149310.jpeg,38.0,15393.14,0.0,97.04,2.96,100.0,2.96,0.0,0.0,0.0,253058.41,10980.6,10980.6,0.0,0
18,ANDINHO,40007,PSB,Feminino,FLORIANÓPOLIS / SC,preta,Casada,Ensino Médio incompleto,1977-10-05,PSB,https://d99xxpiicwteh.cloudfront.net/data-profile/img/2024/oficial/240002291716.jpeg,47.0,1000.0,0.0,100.0,0.0,100.0,0.0,0.0,0.0,0.0,,,,0.0,3
19,ANDRÉ XAVIER,12056,PDT,Feminino,FLORIANÓPOLIS / SC,branca,Solteira,Superior completo,1988-06-14,PDT,https://d99xxpiicwteh.cloudfront.net/data-profile/img/2024/oficial/240002292902.jpeg,36.0,10914.0,0.0,86.42,13.58,95.42,4.58,4.58,4.58,0.0,253058.41,3741.61,3351.61,0.0,0
20,ANDREA MONTEIRO,70000,AVANTE,Feminino,RIO DE JANEIRO / RJ,branca,Casada,Superior completo,1967-10-25,AVANTE,https://d99xxpiicwteh.cloudfront.net/data-profile/img/2024/oficial/240002348468.jpeg,56.0,,,,,,,,,,,,,0.0,1
21,ANDRÉA VERGANI,55048,PSD,Feminino,CAXIAS DO SUL / RS,branca,Solteira,Superior completo,1985-06-20,PSD,https://d99xxpiicwteh.cloudfront.net/data-profile/img/2024/oficial/240001988747.jpeg,39.0,21650.0,0.0,46.19,53.81,100.0,53.81,0.0,0.0,0.0,253058.41,5841.68,5841.68,892000.0,1
22,ANNE RAMALHO,50050,PSOL,Feminino,PRESIDENTE VENCESLAU / SP,preta,Solteira,Superior incompleto,1994-06-13,Federação PSOL REDE(PSOL/REDE),https://d99xxpiicwteh.cloudfront.net/data-profile/img/2024/oficial/240002293298.jpeg,30.0,39109.04,0.0,99.22,0.78,100.0,0.77,0.0,0.0,0.02,253058.41,1293.8,1164.8,0.0,0
23,ANTÔNIO MARCOS,10369,REPUBLICANOS,Feminino,FLORIANÓPOLIS / SC,branca,Casada,Superior completo,1969-12-09,REPUBLICANOS,https://d99xxpiicwteh.cloudfront.net/data-profile/img/2024/oficial/240001947374.jpeg,54.0,8423.0,0.0,98.93,1.07,100.0,0.0,0.0,0.0,1.07,253058.41,8325.6,8325.6,0.0,0
24,ARLENE RAMON,44684,UNIÃO,Feminino,SÃO PAULO / SP,branca,Casada,Ensino Médio completo,1973-11-25,UNIÃO,https://d99xxpiicwteh.cloudfront.net/data-profile/img/2024/oficial/240002148999.jpeg,50.0,9780.0,0.0,100.0,0.0,100.0,0.0,0.0,0.0,0.0,,,,0.0,4
25,AUREO MORAES,40400,PSB,Feminino,BRUSQUE / SC,branca,Casada,Superior completo,1966-02-20,PSB,https://d99xxpiicwteh.cloudfront.net/data-profile/img/2024/oficial/240002291712.jpeg,58.0,7600.0,13.16,0.0,86.84,100.0,86.84,0.0,0.0,0.0,,,,638521.23,0
26,BÁ DO ESTREITO,10101,REPUBLICANOS,Feminino,LAURO MÜLLER / SC,branca,Divorciada,Ensino Fundamental completo,1956-12-21,REPUBLICANOS,https://d99xxpiicwteh.cloudfront.net/data-profile/img/2024/oficial/240001947371.jpeg,67.0,8333.0,0.0,100.0,0.0,100.0,0.0,0.0,0.0,0.0,253058.41,7610.0,7610.0,0.0,1
27,BALDISSERA,45333,PSDB,Feminino,FRAIBURGO / SC,branca,Casada,Superior completo,1961-12-21,Federação PSDB CIDADANIA(PSDB/CIDADANIA),https://d99xxpiicwteh.cloudfront.net/data-profile/img/2024/oficial/240002292438.jpeg,62.0,10000.0,0.0,100.0,0.0,100.0,0.0,0.0,0.0,0.0,,,,385302.20999999996,0
28,BERICÓ,22123,PL,Feminino,FLORIANÓPOLIS / SC,branca,Solteira,Ensino Médio completo,1982-08-31,PL,https://d99xxpiicwteh.cloudfront.net/data-profile/img/2024/oficial/240002149661.jpeg,42.0,75000.0,0.0,66.67,33.33,100.0,33.33,0.0,0.0,0.0,253058.41,54580.0,54580.0,179252.52,1
29,BETO VALLE PEREIRA,11321,PP,Feminino,UNIÃO DA VITÓRIA / PR,branca,Divorciada,Superior completo,1962-03-09,PP,https://d99xxpiicwteh.cloudfront.net/data-profile/img/2024/oficial/240002151399.jpeg,62.0,38022.72,0.0,100.0,0.0,18.41,0.0,81.59,81.59,0.0,,,,0.0,0
30,BEZERRA,15123,MDB,Masculino,FLORIANÓPOLIS / SC,preta,Casado,Superior incompleto,1978-03-24,MDB,https://d99xxpiicwteh.cloudfront.net/data-profile/img/2024/oficial/240002150357.jpeg,46.0,12340.0,0.0,81.04,18.96,100.0,18.96,0.0,0.0,0.0,253058.41,2040.0,1040.0,139677.16,2
31,BIA VARGAS,13690,PT,Feminino,CRICIÚMA / SC,preta,Divorciada,Superior incompleto,1987-02-11,Federação BRASIL DA ESPERANÇA - FE BRASIL(PT/PC do B/PV),https://d99xxpiicwteh.cloudfront.net/data-profile/img/2024/oficial/240002149323.jpeg,37.0,86765.68,0.0,79.45,20.55,100.0,6.03,0.0,0.0,14.52,253058.41,81166.06,66610.06,75000.0,2
32,BIANCA DE FLORIANOPOLIS,30555,NOVO,Feminino,CURITIBA / PR,branca,Solteira,Superior completo,1976-11-09,NOVO,https://d99xxpiicwteh.cloudfront.net/data-profile/img/2024/oficial/240001911789.jpeg,47.0,14837.48,0.0,60.74,39.26,85.85,0.0,14.15,14.15,0.0,253058.41,8935.0,8755.0,220000.0,1
33,BRAZ,15615,MDB,Masculino,ANTÔNIO CARLOS / SC,branca,Casado,Superior completo,1959-10-02,MDB,https://d99xxpiicwteh.cloudfront.net/data-profile/img/2024/oficial/240002150352.jpeg,65.0,24000.0,0.0,41.67,58.33,100.0,37.5,0.0,0.0,20.83,253058.41,6282.0,6282.0,2666391.7399999998,2
34,BRUNO BECKER,55055,PSD,Feminino,FLORIANÓPOLIS / SC,branca,Solteira,Ensino Médio completo,1980-12-19,PSD,https://d99xxpiicwteh.cloudfront.net/data-profile/img/2024/oficial/240001988745.jpeg,43.0,60300.0,0.0,0.0,100.0,100.0,81.76,0.0,0.0,18.24,253058.41,42722.0,40222.0,22500.0,1
35,CABO IRIGARAY,30190,NOVO,Feminino,PORTO ALEGRE / RS,branca,Solteira,Superior completo,1988-02-21,NOVO,https://d99xxpiicwteh.cloudfront.net/data-profile/img/2024/oficial/240001911785.jpeg,36.0,19292.11,0.0,56.98,43.02,60.25,28.87,39.75,39.75,0.0,253058.41,3389.44,3389.44,1300000.0,0
36,CAMASÃO,50500,PSOL,Masculino,SÃO PAULO / SP,branca,Casado,Superior completo,1986-08-02,Federação PSOL REDE(PSOL/REDE),https://d99xxpiicwteh.cloudfront.net/data-profile/img/2024/oficial/240002293288.jpeg,38.0,130830.75,0.0,73.74,26.26,98.47,1.53,1.53,1.53,2.29,253058.41,82689.42,63764.42,6215.900000000001,6
37,CARLA AYRES,13044,PT,Feminino,JALES / SP,branca,Divorciada,Superior completo,1988-03-15,Federação BRASIL DA ESPERANÇA - FE BRASIL(PT/PC do B/PV),https://d99xxpiicwteh.cloudfront.net/data-profile/img/2024/oficial/240002149329.jpeg,36.0,176440.66,0.0,95.94,4.06,94.33,8.08,5.67,5.67,1.42,253058.41,138069.28,94369.28,119904.04,4
38,CARLA DANIELLE CORREA,30227,NOVO,Feminino,SÃO PAULO / SP,branca,Casada,Ensino Médio completo,1973-08-12,NOVO,https://d99xxpiicwteh.cloudfront.net/data-profile/img/2024/oficial/240001911797.jpeg,51.0,14835.48,0.0,60.74,39.26,85.84,0.0,14.16,14.16,0.0,253058.41,8561.2,8561.2,900000.0,0
39,CARLOS BRUNO,16000,PSTU,Feminino,FLORIANÓPOLIS / SC,branca,Casada,Superior completo,1985-05-18,PSTU,https://d99xxpiicwteh.cloudfront.net/data-profile/img/2024/oficial/240002149849.jpeg,39.0,9300.0,0.0,100.0,0.0,100.0,0.0,0.0,0.0,0.0,253058.41,7400.0,0.0,85000.0,1
40,CHAI GUTERRES,50135,PSOL,Feminino,PORTO ALEGRE / RS,preta,Solteira,Superior incompleto,1993-01-12,Federação PSOL REDE(PSOL/REDE),https://d99xxpiicwteh.cloudfront.net/data-profile/img/2024/oficial/240002293296.jpeg,31.0,38802.04,0.0,100.0,0.0,100.0,0.0,0.0,0.0,0.0,253058.41,14940.0,14440.0,0.0,0
41,CINTIA CRUZ,50950,PSOL,Feminino,FLORIANÓPOLIS / SC,sem informaÇÃo,Casada,Ensino Médio incompleto,1987-04-18,Federação PSOL REDE(PSOL/REDE),https://d99xxpiicwteh.cloudfront.net/data-profile/img/2024/oficial/240002293289.jpeg,37.0,36811.5,0.0,100.0,0.0,100.0,0.0,0.0,0.0,0.0,253058.41,24000.0,12000.0,50000.0,0
42,CÍNTIA MANDATA BEM VIVER,50350,PSOL,Feminino,SÃO PAULO / SP,indÍgena,Casada,Superior completo,1979-10-06,Federação PSOL REDE(PSOL/REDE),https://d99xxpiicwteh.cloudfront.net/data-profile/img/2024/oficial/240002293300.jpeg,45.0,50169.14,0.0,77.4,22.6,100.0,9.15,0.0,0.0,0.0,253058.41,19688.97,15688.97,207000.0,2
43,CLARICE BACCA,30210,NOVO,Feminino,PERITIBA / SC,branca,Divorciada,Superior completo,1971-08-21,NOVO,https://d99xxpiicwteh.cloudfront.net/data-profile/img/2024/oficial/240001911794.jpeg,53.0,14835.48,0.0,60.74,39.26,85.84,0.0,14.16,14.16,0.0,253058.41,8648.3,8648.3,40000.0,0
44,CLAUDIA BITA PEREIRA,55066,PSD,Feminino,TUBARÃO / SC,branca,Casada,Superior completo,1962-06-06,PSD,https://d99xxpiicwteh.cloudfront.net/data-profile/img/2024/oficial/240001988759.jpeg,62.0,71000.0,0.0,28.17,71.83,100.0,71.83,0.0,0.0,0.0,,,,0.0,0
45,CLAUDINEI MARQUES,10123,REPUBLICANOS,Feminino,MATELÂNDIA / PR,parda,Casada,Superior completo,1976-02-19,REPUBLICANOS,https://d99xxpiicwteh.cloudfront.net/data-profile/img/2024/oficial/240001947379.jpeg,48.0,70805.0,0.0,100.0,0.0,100.0,0.0,0.0,0.0,0.0,253058.41,70804.0,70804.0,141323.0,3
46,CLAUDIO (COLETIVO CATARINENSE),12345,PDT,Feminino,FLORIANÓPOLIS / SC,parda,Solteira,Ensino Médio incompleto,1978-04-19,PDT,https://d99xxpiicwteh.cloudfront.net/data-profile/img/2024/oficial/240002292898.jpeg,46.0,11500.0,0.0,100.0,0.0,95.65,4.35,4.35,4.35,0.0,,,,300000.0,1
47,CLEBER DA ESCOLINHA,45999,PSDB,Feminino,CHAPECÓ / SC,branca,Casada,Ensino Médio completo,1976-01-17,Federação PSDB CIDADANIA(PSDB/CIDADANIA),https://d99xxpiicwteh.cloudfront.net/data-profile/img/2024/oficial/240002292430.jpeg,48.0,26000.0,0.0,96.15,3.85,100.0,0.0,0.0,0.0,3.85,253058.41,1000.0,1000.0,78349.45,0
48,CLEUSE SOARES,44445,UNIÃO,Feminino,FLORIANÓPOLIS / SC,preta,Casada,Superior completo,1980-06-02,UNIÃO,https://d99xxpiicwteh.cloudfront.net/data-profile/img/2024/oficial/240002148997.jpeg,44.0,19560.0,0.0,100.0,0.0,100.0,0.0,0.0,0.0,0.0,253058.41,11986.0,11986.0,0.0,2
49,COMANDANTE BRASIL,10000,REPUBLICANOS,Feminino,FLORIANÓPOLIS / SC,branca,Casada,Superior completo,1974-08-21,REPUBLICANOS,https://d99xxpiicwteh.cloudfront.net/data-profile/img/2024/oficial/240001947363.jpeg,50.0,33673.0,0.0,24.75,75.25,100.0,75.25,0.0,0.0,0.0,253058.41,26973.0,26973.0,1150000.0,1
50,CORONEL EDUPERCIO PRATES,22999,PL,Feminino,FLORIANÓPOLIS / SC,branca,Casada,Superior completo,1964-07-13,PL,https://d99xxpiicwteh.cloudfront.net/data-profile/img/2024/oficial/240002149657.jpeg,60.0,51700.0,0.0,96.71,3.29,100.0,0.0,0.0,0.0,3.29,253058.41,1672.0,1672.0,2092658.35,2
51,CORONEL MARAFIOTI,55888,PSD,Feminino,TUBARÃO / SC,branca,Casada,Superior completo,1964-08-13,PSD,https://d99xxpiicwteh.cloudfront.net/data-profile/img/2024/oficial/240001988767.jpeg,60.0,11600.0,0.0,86.21,13.79,100.0,13.79,0.0,0.0,0.0,,,,3169054.19,0
52,CORONEL PAIXÃO,44017,UNIÃO,Feminino,SÃO PAULO / SP,parda,Casada,Superior completo,1965-06-11,UNIÃO,https://d99xxpiicwteh.cloudfront.net/data-profile/img/2024/oficial/240002149010.jpeg,59.0,24323.75,0.0,0.0,100.0,100.0,61.67,0.0,0.0,38.33,253058.41,21923.75,21923.75,459815.0,3
53,CRIS TIZOCO,43043,PV,Feminino,CAXIAS DO SUL / RS,preta,Solteira,Ensino Médio completo,1979-09-21,Federação BRASIL DA ESPERANÇA - FE BRASIL(PT/PC do B/PV),https://d99xxpiicwteh.cloudfront.net/data-profile/img/2024/oficial/240002149317.jpeg,45.0,129000.0,0.0,100.0,0.0,100.0,0.0,0.0,0.0,0.0,253058.41,111500.0,0.0,0.0,0
54,CRISTIANO DUTRA,30000,NOVO,Feminino,PORTO ALEGRE / RS,parda,Casada,Superior incompleto,1980-10-09,NOVO,https://d99xxpiicwteh.cloudfront.net/data-profile/img/2024/oficial/240001911791.jpeg,43.0,15335.32,0.0,62.22,37.78,86.31,0.0,13.69,13.69,0.0,253058.41,5700.0,5700.0,44000.0,0
55,DALMO MENESES,44234,UNIÃO,Feminino,FLORIANÓPOLIS / SC,branca,Casada,Superior completo,1951-07-19,UNIÃO,https://d99xxpiicwteh.cloudfront.net/data-profile/img/2024/oficial/240002148998.jpeg,73.0,56000.0,0.0,0.0,100.0,100.0,55.36,0.0,0.0,44.64,253058.41,9500.0,9500.0,2340000.0,5
56,DALTON,12777,PDT,Feminino,NOVA BRÉSCIA / RS,branca,Casada,Superior incompleto,1964-04-04,PDT,https://d99xxpiicwteh.cloudfront.net/data-profile/img/2024/oficial/240002292903.jpeg,60.0,6000.0,0.0,100.0,0.0,100.0,0.0,0.0,0.0,0.0,253058.41,6000.0,6000.0,0.0,0
57,DALTON SANTOS,10333,REPUBLICANOS,Feminino,FLORIANÓPOLIS / SC,branca,Casada,Superior completo,1963-08-06,REPUBLICANOS,https://d99xxpiicwteh.cloudfront.net/data-profile/img/2024/oficial/240001947376.jpeg,61.0,8333.0,0.0,100.0,0.0,100.0,0.0,0.0,0.0,0.0,253058.41,8328.0,8328.0,0.0,2
58,DAN CANHADAS,30303,NOVO,Feminino,SÃO PAULO / SP,branca,Divorciada,Superior completo,1984-05-11,NOVO,https://d99xxpiicwteh.cloudfront.net/data-profile/img/2024/oficial/240001911798.jpeg,40.0,13723.05,0.0,56.98,43.02,84.7,0.0,15.3,15.3,0.0,253058.41,9190.0,9190.0,198000.0,0
59,DANIELA SEBBEN,45456,PSDB,Feminino,FLORIANÓPOLIS / SC,branca,Solteira,Superior incompleto,1997-05-08,Federação PSDB CIDADANIA(PSDB/CIDADANIA),https://d99xxpiicwteh.cloudfront.net/data-profile/img/2024/oficial/240002292444.jpeg,27.0,10000.0,0.0,100.0,0.0,100.0,0.0,0.0,0.0,0.0,,,,0.0,1
60,DANY NOVAES DA AMORIS,44000,UNIÃO,Feminino,RIO DE JANEIRO / RJ,branca,Casada,Superior completo,1971-02-18,UNIÃO,https://d99xxpiicwteh.cloudfront.net/data-profile/img/2024/oficial/240002149000.jpeg,53.0,41700.0,0.0,94.6,5.4,100.0,0.0,0.0,0.0,5.4,253058.41,19698.25,14395.0,700000.0,0
61,DECK VIGANO,50150,PSOL,Masculino,FLORIANÓPOLIS / SC,preta,Casado,Superior completo,1977-07-07,Federação PSOL REDE(PSOL/REDE),https://d99xxpiicwteh.cloudfront.net/data-profile/img/2024/oficial/240002293294.jpeg,47.0,51967.26,0.0,65.43,34.57,100.0,30.69,0.0,0.0,0.0,253058.41,15511.84,15511.84,0.0,0
62,DÉIA SURF,40013,PSB,Feminino,FLORIANÓPOLIS / SC,branca,Solteira,Superior completo,1984-04-30,PSB,https://d99xxpiicwteh.cloudfront.net/data-profile/img/2024/oficial/240002291718.jpeg,40.0,,,,,,,,,,,,,0.0,0
63,DELISE STAKE,10477,REPUBLICANOS,Feminino,CAXIAS DO SUL / RS,branca,Casada,Ensino Médio completo,1973-10-29,REPUBLICANOS,https://d99xxpiicwteh.cloudfront.net/data-profile/img/2024/oficial/240002382286.jpeg,50.0,8333.0,0.0,100.0,0.0,100.0,0.0,0.0,0.0,0.0,253058.41,8333.0,8333.0,0.0,0
64,DIÁCONO RICARDO,55190,PSD,Feminino,FLORIANÓPOLIS / SC,branca,Casada,Superior completo,1969-03-05,PSD,https://d99xxpiicwteh.cloudfront.net/data-profile/img/2024/oficial/240001988763.jpeg,55.0,33876.0,0.0,0.0,100.0,80.62,71.93,19.38,19.38,17.71,253058.41,4759.23,4373.12,26051.51,2
65,DIEGO BARÃO DA NAVALHA,11211,PP,Feminino,URUÇUÍ / PI,branca,Solteira,Superior completo,1987-05-29,PP,https://d99xxpiicwteh.cloudfront.net/data-profile/img/2024/oficial/240002151393.jpeg,37.0,38072.72,0.0,99.29,0.71,18.52,0.0,81.48,81.48,0.13,,,,62026.09,0
66,DILETA PENSIN,45233,PSDB,Feminino,CLEVELÂNDIA / PR,branca,Solteira,Superior completo,1964-09-13,Federação PSDB CIDADANIA(PSDB/CIDADANIA),https://d99xxpiicwteh.cloudfront.net/data-profile/img/2024/oficial/240002292429.jpeg,60.0,10000.0,0.0,100.0,0.0,100.0,0.0,0.0,0.0,0.0,,,,371000.0,4
67,DINHO,44123,UNIÃO,Feminino,FLORIANÓPOLIS / SC,branca,Solteira,Superior completo,1962-11-13,UNIÃO,https://d99xxpiicwteh.cloudfront.net/data-profile/img/2024/oficial/240002148991.jpeg,61.0,69800.0,0.0,0.0,100.0,100.0,65.19,0.0,0.0,34.81,253058.41,54209.79,53928.02,790000.0,5
68,DJENIFER CARVALHO,11888,PP,Feminino,FLORIANÓPOLIS / SC,branca,Solteira,Superior incompleto,2001-07-25,PP,https://d99xxpiicwteh.cloudfront.net/data-profile/img/2024/oficial/240002151402.jpeg,23.0,54091.51,6.98,93.02,0.0,53.0,0.0,47.0,47.0,0.0,253058.41,20310.45,0.0,206291.0,0
69,DOMINGOS ZANCANARO,11000,PP,Feminino,CAMPOS NOVOS / SC,branca,Casada,Superior completo,1968-04-05,PP,https://d99xxpiicwteh.cloudfront.net/data-profile/img/2024/oficial/240002151401.jpeg,56.0,71366.47,0.0,22.95,77.05,42.74,32.93,43.25,43.25,0.0,253058.41,12183.0,12183.0,392324.75,3
70,DONA GEANE DO MORRO,65500,PC do B,Feminino,LAGES / SC,branca,Solteira,Ensino Fundamental incompleto,1970-11-01,Federação BRASIL DA ESPERANÇA - FE BRASIL(PT/PC do B/PV),https://d99xxpiicwteh.cloudfront.net/data-profile/img/2024/oficial/240002149322.jpeg,53.0,31000.0,0.0,100.0,0.0,100.0,0.0,0.0,0.0,0.0,253058.41,17757.3,16657.3,180000.0,0
71,DOUTOR MÁRIO,30111,NOVO,Feminino,RECIFE / PE,branca,Casada,Superior completo,1948-04-17,NOVO,https://d99xxpiicwteh.cloudfront.net/data-profile/img/2024/oficial/240001911795.jpeg,76.0,13724.05,0.0,56.98,43.02,84.7,0.0,15.3,15.3,0.01,253058.41,767.4,758.3,1077500.0,0
72,DR WALTER JUCA,45699,PSDB,Feminino,FLORIANÓPOLIS / SC,preta,Viúva,Superior completo,1947-11-16,Federação PSDB CIDADANIA(PSDB/CIDADANIA),https://d99xxpiicwteh.cloudfront.net/data-profile/img/2024/oficial/240002367169.jpeg,76.0,,,,,,,,,,,,,559107.88,4
73,DR. CABRAL,20001,PODE,Feminino,PEDRO GOMES / MS,branca,Casada,Superior completo,1963-07-12,PODE,https://d99xxpiicwteh.cloudfront.net/data-profile/img/2024/oficial/240002029036.jpeg,61.0,5000.0,0.0,100.0,0.0,100.0,0.0,0.0,0.0,0.0,253058.41,2400.0,2400.0,0.0,1
74,DRA.LIDIA,22691,PL,Feminino,SÃO FRANCISCO DO SUL / SC,branca,Solteira,Superior completo,1967-12-30,PL,https://d99xxpiicwteh.cloudfront.net/data-profile/img/2024/oficial/240002149659.jpeg,56.0,50000.0,0.0,100.0,0.0,100.0,0.0,0.0,0.0,0.0,,,,889000.0,0
75,ÉDINA ANTUNES,50550,PSOL,Feminino,PORTO ALEGRE / RS,branca,Solteira,Superior completo,1970-05-08,Federação PSOL REDE(PSOL/REDE),https://d99xxpiicwteh.cloudfront.net/data-profile/img/2024/oficial/240002293283.jpeg,54.0,28521.08,0.0,100.0,0.0,100.0,0.0,0.0,0.0,0.0,253058.41,19300.0,14300.0,823000.0,0
76,EDSON OSMAR PIRES,10027,REPUBLICANOS,Feminino,FLORIANÓPOLIS / SC,branca,Solteira,Superior completo,1974-12-12,REPUBLICANOS,https://d99xxpiicwteh.cloudfront.net/data-profile/img/2024/oficial/240001947378.jpeg,49.0,8333.0,0.0,100.0,0.0,100.0,0.0,0.0,0.0,0.0,253058.41,6510.0,6510.0,425900.0,2
77,EDUARDO MOREIRA LIMA,22555,PL,Masculino,RIO DE JANEIRO / RJ,branca,Casado,Superior completo,1974-06-04,PL,https://d99xxpiicwteh.cloudfront.net/data-profile/img/2024/oficial/240002149669.jpeg,50.0,67600.0,0.0,73.96,26.04,100.0,26.04,0.0,0.0,0.0,253058.41,11461.16,11461.15,446772.14999999997,1
78,ELAINE SALLAS,50333,PSOL,Feminino,ARAÇATUBA / SP,parda,Solteira,Superior completo,1983-10-26,Federação PSOL REDE(PSOL/REDE),https://d99xxpiicwteh.cloudfront.net/data-profile/img/2024/oficial/240002293286.jpeg,40.0,97784.94,0.0,97.87,2.13,99.49,0.51,0.51,0.51,0.0,253058.41,30578.57,4920.56,0.0,1
79,ELENIRA E COLETIVA POPULAR,13013,PT,Feminino,RIO DE JANEIRO / RJ,branca,Solteira,Superior completo,1976-01-06,Federação BRASIL DA ESPERANÇA - FE BRASIL(PT/PC do B/PV),https://d99xxpiicwteh.cloudfront.net/data-profile/img/2024/oficial/240002149330.jpeg,48.0,80332.85,0.0,63.37,36.63,86.31,36.91,13.69,13.69,0.0,253058.41,48382.54,40282.54,827211.09,3
80,ELLEN BUSATO,30183,NOVO,Feminino,SÃO PAULO / SP,branca,Solteira,Superior completo,1991-07-01,NOVO,https://d99xxpiicwteh.cloudfront.net/data-profile/img/2024/oficial/240001911806.jpeg,33.0,14835.48,0.0,60.74,39.26,85.84,0.0,14.16,14.16,0.0,253058.41,5618.0,5618.0,0.0,0
81,FÁBIO BRAGA,55111,PSD,Feminino,FLORIANÓPOLIS / SC,branca,Solteira,Superior completo,1981-10-06,PSD,https://d99xxpiicwteh.cloudfront.net/data-profile/img/2024/oficial/240001988755.jpeg,43.0,,,,,,,,,,253058.41,12990.6,0.0,1367174.72,2
82,FAFÁ FLORES,50111,PSOL,Masculino,CANOAS / RS,branca,Solteiro,Superior completo,1978-03-06,Federação PSOL REDE(PSOL/REDE),https://d99xxpiicwteh.cloudfront.net/data-profile/img/2024/oficial/240002293284.jpeg,46.0,15210.0,0.0,92.04,7.96,100.0,0.0,0.0,0.0,0.0,253058.41,2230.17,2230.17,0.0,0
83,,,,Feminino,,,,,1970-01-01,,https://www.gravatar.com/avatar/?d=mp,54.0,,,,,,,,,,,,,0.0,0
84,,,,Feminino,,,,,1970-01-01,,https://www.gravatar.com/avatar/?d=mp,54.0,,,,,,,,,,,,,0.0,0
85,,,,Feminino,,,,,1970-01-01,,https://www.gravatar.com/avatar/?d=mp,54.0,,,,,,,,,,,,,0.0,0
86,,,,Feminino,,,,,1970-01-01,,https://www.gravatar.com/avatar/?d=mp,54.0,,,,,,,,,,,,,0.0,0
87,FLÁVIO SOBIERAJSKI,11022,PP,Feminino,FLORIANÓPOLIS / SC,branca,Solteira,Superior completo,1970-06-12,PP,https://d99xxpiicwteh.cloudfront.net/data-profile/img/2024/oficial/240002151398.jpeg,54.0,38022.72,0.0,100.0,0.0,18.41,0.0,81.59,81.59,0.0,,,,179340.91999999998,0
88,FONTÃO,18100,REDE,Masculino,FLORIANÓPOLIS / SC,branca,Solteiro,Superior completo,1975-10-13,Federação PSOL REDE(PSOL/REDE),https://d99xxpiicwteh.cloudfront.net/data-profile/img/2024/oficial/240002293285.jpeg,48.0,41150.0,0.0,97.21,2.79,100.0,2.79,0.0,0.0,0.0,253058.41,2343.0,143.0,71577.0,4
89,,,,Feminino,,,,,1970-01-01,,https://www.gravatar.com/avatar/?d=mp,54.0,,,,,,,,,,,,,0.0,0
90,GABRIEL CESAR,30500,NOVO,Masculino,FLORIANÓPOLIS / SC,branca,Solteiro,Superior completo,1996-09-22,NOVO,https://d99xxpiicwteh.cloudfront.net/data-profile/img/2024/oficial/240001911803.jpeg,28.0,47521.15,0.0,0.0,100.0,66.75,85.06,33.25,33.25,0.0,253058.41,13328.02,11750.62,55000.0,1
91,GABRIEL GIGANTE,55125,PSD,Feminino,FLORIANÓPOLIS / SC,branca,Casada,Superior completo,1985-05-12,PSD,https://d99xxpiicwteh.cloudfront.net/data-profile/img/2024/oficial/240001988754.jpeg,39.0,3830.0,0.0,0.0,100.0,100.0,0.0,0.0,0.0,0.0,253058.41,139.8,139.8,184000.0,0
92,GEMADA,22500,PL,Feminino,FLORIANÓPOLIS / SC,branca,Solteira,Ensino Fundamental incompleto,1979-04-25,PL,https://d99xxpiicwteh.cloudfront.net/data-profile/img/2024/oficial/240002149675.jpeg,45.0,56360.0,0.0,88.72,11.28,100.0,11.28,0.0,0.0,0.0,253058.41,50219.3,50219.3,340414.71,1
93,GENISON BARBOSA,10456,REPUBLICANOS,Feminino,FLORIANÓPOLIS / SC,branca,Casada,Superior completo,1969-07-04,REPUBLICANOS,https://d99xxpiicwteh.cloudfront.net/data-profile/img/2024/oficial/240001947369.jpeg,55.0,8333.0,0.0,100.0,0.0,100.0,0.0,0.0,0.0,0.0,253058.41,8333.0,8333.0,0.0,0
94,GENIVALDO,11222,PP,Masculino,SANTA TEREZINHA / BA,preta,Casado,Ensino Fundamental completo,1973-01-23,PP,https://d99xxpiicwteh.cloudfront.net/data-profile/img/2024/oficial/240002151394.jpeg,51.0,40722.72,0.0,72.16,27.84,23.82,6.63,76.18,76.18,0.0,253058.41,3200.0,0.0,0.0,1
95,GERSON HILBERT,45222,PSDB,Masculino,URUSSANGA / SC,branca,Casado,Superior completo,1956-05-14,Federação PSDB CIDADANIA(PSDB/CIDADANIA),https://d99xxpiicwteh.cloudfront.net/data-profile/img/2024/oficial/240002292440.jpeg,68.0,,,,,,,,,,,,,2125393.82,0
96,GI LATRONICO,45677,PSDB,Feminino,FLORIANÓPOLIS / SC,branca,Divorciada,Ensino Fundamental completo,1985-06-11,Federação PSDB CIDADANIA(PSDB/CIDADANIA),https://d99xxpiicwteh.cloudfront.net/data-profile/img/2024/oficial/240002292447.jpeg,39.0,10000.0,0.0,100.0,0.0,100.0,0.0,0.0,0.0,0.0,,,,60000.0,0
97,GILBERTO RATEKE,40000,PSB,Masculino,FLORIANÓPOLIS / SC,branca,Solteiro,Superior completo,1976-10-31,PSB,https://d99xxpiicwteh.cloudfront.net/data-profile/img/2024/oficial/240002291710.jpeg,47.0,2850.0,35.09,0.0,64.91,100.0,52.63,0.0,0.0,12.28,,,,340000.0,0
98,GUGA,20369,PODE,Masculino,MANAUS / AM,branca,Solteiro,Superior completo,1963-09-30,PODE,https://d99xxpiicwteh.cloudfront.net/data-profile/img/2024/oficial/240002029027.jpeg,61.0,500.0,0.0,0.0,100.0,100.0,0.0,0.0,0.0,100.0,,,,28933.57,0
99,GUI PEREIRA,55100,PSD,Masculino,FLORIANÓPOLIS / SC,branca,Solteiro,Ensino Médio completo,1976-07-19,PSD,https://d99xxpiicwteh.cloudfront.net/data-profile/img/2024/oficial/240001988746.jpeg,48.0,30500.0,0.0,0.0,100.0,100.0,100.0,0.0,0.0,0.0,253058.41,34675.0,19325.0,1092420.0,5
100,GUILHERME CHINA,20200,PODE,Masculino,FLORIANÓPOLIS / SC,branca,Casado,Superior completo,1970-08-27,PODE,https://d99xxpiicwteh.cloudfront.net/data-profile/img/2024/oficial/240002029044.jpeg,54.0,7000.0,0.0,100.0,0.0,100.0,0.0,0.0,0.0,0.0,,,,19243.0,0
101,GUTO CORREIA,10223,REPUBLICANOS,Masculino,FLORIANÓPOLIS / SC,parda,Solteiro,Superior completo,1983-03-23,REPUBLICANOS,https://d99xxpiicwteh.cloudfront.net/data-profile/img/2024/oficial/240001947370.jpeg,41.0,10988.0,0.0,98.36,1.64,100.0,1.64,0.0,0.0,0.0,253058.41,10077.0,10077.0,0.0,1
102,HABNER FORTUNATO,45789,PSDB,Masculino,FLORIANÓPOLIS / SC,branca,Casado,Ensino Médio completo,1988-06-17,Federação PSDB CIDADANIA(PSDB/CIDADANIA),https://d99xxpiicwteh.cloudfront.net/data-profile/img/2024/oficial/240002292442.jpeg,36.0,,,,,,,,,,,,,0.0,0
103,HELIO COSTA,15010,MDB,Masculino,FLORIANÓPOLIS / SC,branca,Casado,Ensino Médio completo,1954-03-03,MDB,https://d99xxpiicwteh.cloudfront.net/data-profile/img/2024/oficial/240002150353.jpeg,70.0,10000.0,0.0,100.0,0.0,100.0,0.0,0.0,0.0,0.0,,,,60000.0,2
104,IGOR CHAVES MÉDICO DE FAMÍLIA,13192,PT,Masculino,DOURADOS / MS,branca,Solteiro,Superior completo,1980-01-01,Federação BRASIL DA ESPERANÇA - FE BRASIL(PT/PC do B/PV),https://d99xxpiicwteh.cloudfront.net/data-profile/img/2024/oficial/240002149320.jpeg,44.0,64908.68,0.0,72.13,27.87,93.84,26.38,6.16,6.16,2.31,253058.41,49036.27,37786.27,1000000.0,0
105,INGO CAMARA,22100,PL,Masculino,FLORIANÓPOLIS / SC,branca,Solteiro,Superior incompleto,2006-05-26,PL,https://d99xxpiicwteh.cloudfront.net/data-profile/img/2024/oficial/240002149673.jpeg,18.0,67066.0,0.0,74.55,25.45,100.0,15.66,0.0,0.0,0.0,253058.41,24582.66,14077.99,0.0,0
106,INGRID SATERÉ-MAWÉ,50180,PSOL,Feminino,MANAUS / AM,indÍgena,Divorciada,Superior completo,1987-10-29,Federação PSOL REDE(PSOL/REDE),https://d99xxpiicwteh.cloudfront.net/data-profile/img/2024/oficial/240002293282.jpeg,36.0,116470.0,6.67,89.8,3.53,96.57,3.43,3.43,3.43,0.0,253058.41,69102.23,28652.23,0.0,1
107,ISA SANTOS,30333,NOVO,Feminino,FLORIANÓPOLIS / SC,branca,Solteira,Superior completo,2001-05-17,NOVO,https://d99xxpiicwteh.cloudfront.net/data-profile/img/2024/oficial/240001911792.jpeg,23.0,17102.31,0.0,51.56,48.44,87.72,12.9,12.28,12.28,0.0,253058.41,9772.69,9772.69,0.0,0
108,IVAN DÁRIO,12444,PDT,Masculino,RIO CLARO / SP,branca,Solteiro,Superior incompleto,1949-05-22,PDT,https://d99xxpiicwteh.cloudfront.net/data-profile/img/2024/oficial/240002292905.jpeg,75.0,6000.0,0.0,100.0,0.0,100.0,0.0,0.0,0.0,0.0,,,,0.0,1
109,IVAN ROBERTO DA SILVA,15326,MDB,Masculino,CONCÓRDIA / SC,branca,Solteiro,Ensino Fundamental completo,1976-08-26,MDB,https://d99xxpiicwteh.cloudfront.net/data-profile/img/2024/oficial/240002150354.jpeg,48.0,10000.0,0.0,100.0,0.0,100.0,0.0,0.0,0.0,0.0,,,,438791.0,0
110,IVONILDE BEZERRA,70070,AVANTE,Feminino,ARAGUAÍNA / TO,branca,Solteira,Ensino Médio completo,1976-10-04,AVANTE,https://d99xxpiicwteh.cloudfront.net/data-profile/img/2024/oficial/240002348465.jpeg,48.0,,,,,,,,,,,,,0.0,0
111,JAJÁ DO CONTINENTE,15001,MDB,Masculino,FLORIANÓPOLIS / SC,branca,Casado,Superior completo,1957-03-21,MDB,https://d99xxpiicwteh.cloudfront.net/data-profile/img/2024/oficial/240002150361.jpeg,67.0,11190.0,0.0,89.37,10.63,100.0,0.0,0.0,0.0,10.63,,,,30000.0,4
112,JEAN RAMOS,43333,PV,Masculino,FLORIANÓPOLIS / SC,branca,Divorciado,Superior completo,1972-12-05,Federação BRASIL DA ESPERANÇA - FE BRASIL(PT/PC do B/PV),https://d99xxpiicwteh.cloudfront.net/data-profile/img/2024/oficial/240002149309.jpeg,51.0,54382.45,0.0,100.0,0.0,90.1,0.0,9.9,9.9,0.0,,,,156966.92,3
113,JEAN SÓ ALEGRIA,10200,REPUBLICANOS,Masculino,FLORIANÓPOLIS / SC,branca,Divorciado,Ensino Médio completo,1965-09-28,REPUBLICANOS,https://d99xxpiicwteh.cloudfront.net/data-profile/img/2024/oficial/240001947375.jpeg,59.0,8723.0,0.0,95.53,4.47,100.0,2.29,0.0,0.0,0.0,253058.41,6705.94,6705.94,0.0,3
114,JEFERSON BACKER,15055,MDB,Masculino,FLORIANÓPOLIS / SC,branca,Solteiro,Superior completo,1981-05-14,MDB,https://d99xxpiicwteh.cloudfront.net/data-profile/img/2024/oficial/240002150359.jpeg,43.0,3900.0,0.0,0.0,100.0,100.0,100.0,0.0,0.0,0.0,253058.41,16871.2,3861.2,380000.0,2
115,JOÃO BATISTA NUNES,15115,MDB,Masculino,FLORIANÓPOLIS / SC,branca,Solteiro,Superior completo,1967-05-15,MDB,https://d99xxpiicwteh.cloudfront.net/data-profile/img/2024/oficial/240002150367.jpeg,57.0,18000.0,0.0,55.56,44.44,100.0,38.89,0.0,0.0,5.56,253058.41,4243.49,4243.49,466159.7,7
116,JOÃO COBALCHINI,15600,MDB,Masculino,BRASÍLIA / DF,branca,Solteiro,Superior completo,1985-06-06,MDB,https://d99xxpiicwteh.cloudfront.net/data-profile/img/2024/oficial/240002150346.jpeg,39.0,36400.0,0.0,27.47,72.53,100.0,38.46,0.0,0.0,34.07,253058.41,20000.0,20000.0,0.0,1
117,JOÃO DE PAULA COLETIVA PCD,13004,PT,Masculino,MATIAS CARDOSO / MG,preta,Solteiro,Superior completo,1967-09-12,Federação BRASIL DA ESPERANÇA - FE BRASIL(PT/PC do B/PV),https://d99xxpiicwteh.cloudfront.net/data-profile/img/2024/oficial/240002149312.jpeg,57.0,44685.68,0.0,98.32,1.68,100.0,1.68,0.0,0.0,0.0,253058.41,14555.6,7624.6,0.0,2
118,JOÃO GANDOLFI,11234,PP,Masculino,FLORIANÓPOLIS / SC,branca,Solteiro,Superior completo,1983-08-12,PP,https://d99xxpiicwteh.cloudfront.net/data-profile/img/2024/oficial/240002151397.jpeg,41.0,39422.72,0.0,83.33,16.67,21.31,3.55,78.69,78.69,0.0,253058.41,6010.0,0.0,0.0,0
119,JOÃO LUIZ DA BEGA,10690,REPUBLICANOS,Masculino,FLORIANÓPOLIS / SC,branca,Divorciado,Superior completo,1967-07-20,REPUBLICANOS,https://d99xxpiicwteh.cloudfront.net/data-profile/img/2024/oficial/240001947372.jpeg,57.0,50633.0,0.0,16.46,83.54,100.0,44.04,0.0,0.0,39.5,253058.41,28408.0,21158.0,644271.22,4
120,JOÃO MATEUS,40717,PSB,Masculino,FLORIANÓPOLIS / SC,branca,Solteiro,Superior incompleto,1990-11-30,PSB,https://d99xxpiicwteh.cloudfront.net/data-profile/img/2024/oficial/240002291713.jpeg,33.0,1000.0,0.0,100.0,0.0,100.0,0.0,0.0,0.0,0.0,,,,0.0,0
121,JOÃO PADILHA,22822,PL,Masculino,SÃO PAULO / SP,branca,Casado,Superior completo,1975-09-15,PL,https://d99xxpiicwteh.cloudfront.net/data-profile/img/2024/oficial/240002149666.jpeg,49.0,59000.0,0.0,84.75,15.25,100.0,6.78,0.0,0.0,8.47,253058.41,49530.99,49530.99,94000.0,2
122,JORNALISTA FABRICIO CORREIA,22022,PL,Masculino,FLORIANÓPOLIS / SC,branca,Casado,Superior completo,1976-12-20,PL,https://d99xxpiicwteh.cloudfront.net/data-profile/img/2024/oficial/240002149670.jpeg,47.0,50000.0,0.0,100.0,0.0,100.0,0.0,0.0,0.0,0.0,253058.41,2600.0,0.0,832803.0,2
123,JOSI DO REMO,40040,PSB,Feminino,FLORIANÓPOLIS / SC,branca,Casada,Superior completo,1975-02-25,PSB,https://d99xxpiicwteh.cloudfront.net/data-profile/img/2024/oficial/240002291709.jpeg,49.0,2000.0,100.0,0.0,0.0,100.0,0.0,0.0,0.0,0.0,253058.41,1000.0,1000.0,950000.0,0
124,JOSIMAR PEREIRA MAMÁ,44100,UNIÃO,Masculino,FLORIANÓPOLIS / SC,branca,Solteiro,Ensino Médio incompleto,1980-06-22,UNIÃO,https://d99xxpiicwteh.cloudfront.net/data-profile/img/2024/oficial/240002149002.jpeg,44.0,15000.0,0.0,0.0,100.0,100.0,100.0,0.0,0.0,0.0,253058.41,500.0,0.0,82000.0,2
125,JU GALLIANO,44555,UNIÃO,Feminino,CURITIBA / PR,branca,Solteira,Superior completo,1987-09-01,UNIÃO,https://d99xxpiicwteh.cloudfront.net/data-profile/img/2024/oficial/240002148993.jpeg,37.0,19860.0,0.0,98.49,1.51,100.0,0.0,0.0,0.0,1.51,253058.41,9323.66,9323.66,351000.0,0
126,JU POLLI LOBO,11122,PP,Feminino,FLORIANÓPOLIS / SC,branca,Solteira,Superior completo,1984-07-29,PP,https://d99xxpiicwteh.cloudfront.net/data-profile/img/2024/oficial/240002151395.jpeg,40.0,64091.51,5.17,94.83,0.0,60.33,0.0,39.67,39.67,0.0,253058.41,9247.95,0.0,0.0,0
127,JUAREZ SILVEIRA,55456,PSD,Masculino,FLORIANÓPOLIS / SC,branca,Divorciado,Superior incompleto,1955-09-05,PSD,https://d99xxpiicwteh.cloudfront.net/data-profile/img/2024/oficial/240001988766.jpeg,69.0,227000.0,0.0,0.0,100.0,100.0,100.0,0.0,0.0,0.0,253058.41,57323.49,36693.0,152907.12,2
128,JUCA,20300,PODE,Masculino,FLORIANÓPOLIS / SC,branca,Solteiro,Superior completo,1993-07-24,PODE,https://d99xxpiicwteh.cloudfront.net/data-profile/img/2024/oficial/240002029046.jpeg,31.0,81085.0,0.0,12.33,87.67,100.0,87.67,0.0,0.0,0.0,,,,0.0,1
129,JÚLIA OPUSKI,15030,MDB,Feminino,FLORIANÓPOLIS / SC,branca,Solteira,Superior completo,1990-03-29,MDB,https://d99xxpiicwteh.cloudfront.net/data-profile/img/2024/oficial/240002150366.jpeg,34.0,14000.0,0.0,71.43,28.57,100.0,28.57,0.0,0.0,0.0,253058.41,2010.0,2010.0,9289.94,0
130,JUNINHO,40123,PSB,Masculino,FLORIANÓPOLIS / SC,branca,Divorciado,Superior completo,1989-01-21,PSB,https://d99xxpiicwteh.cloudfront.net/data-profile/img/2024/oficial/240002291714.jpeg,35.0,1000.0,100.0,0.0,0.0,100.0,0.0,0.0,0.0,0.0,,,,96000.0,0
131,JUNIOR DOS SANTOS,45048,PSDB,Masculino,FLORIANÓPOLIS / SC,branca,Solteiro,Ensino Médio incompleto,1993-06-01,Federação PSDB CIDADANIA(PSDB/CIDADANIA),https://d99xxpiicwteh.cloudfront.net/data-profile/img/2024/oficial/240002292435.jpeg,31.0,15000.0,0.0,100.0,0.0,100.0,0.0,0.0,0.0,0.0,,,,0.0,0
132,KADU COMUNIDADES,40520,PSB,Masculino,PORTO ALEGRE / RS,parda,Solteiro,Ensino Médio completo,1978-10-20,PSB,https://d99xxpiicwteh.cloudfront.net/data-profile/img/2024/oficial/240002291717.jpeg,45.0,2000.0,0.0,100.0,0.0,100.0,0.0,0.0,0.0,0.0,,,,0.0,0
133,KAOMA MÔNEGO,22180,PL,Feminino,RIO GRANDE / RS,branca,Solteira,Superior completo,1990-12-02,PL,https://d99xxpiicwteh.cloudfront.net/data-profile/img/2024/oficial/240002149663.jpeg,33.0,50000.0,0.0,100.0,0.0,100.0,0.0,0.0,0.0,0.0,,,,0.0,0
134,KATIA CHUBACI,22777,PL,Feminino,FLORIANÓPOLIS / SC,branca,Casada,Superior completo,1972-06-07,PL,https://d99xxpiicwteh.cloudfront.net/data-profile/img/2024/oficial/240002149664.jpeg,52.0,51000.0,0.0,98.04,1.96,100.0,0.0,0.0,0.0,1.96,253058.41,10150.0,2800.0,269302.88,1
135,KECO CARDOZO,20007,PODE,Masculino,FLORIANÓPOLIS / SC,preta,Solteiro,Ensino Médio completo,1988-05-19,PODE,https://d99xxpiicwteh.cloudfront.net/data-profile/img/2024/oficial/240002029038.jpeg,36.0,,,,,,,,,,,,,0.0,0
136,KELLY VIEIRA,15678,MDB,Feminino,FLORIANÓPOLIS / SC,branca,Solteira,Superior completo,1971-08-30,MDB,https://d99xxpiicwteh.cloudfront.net/data-profile/img/2024/oficial/240002150356.jpeg,53.0,114500.0,0.0,8.73,91.27,100.0,90.39,0.0,0.0,0.87,253058.41,20350.0,20350.0,0.0,0
137,KEVEN LEAL (MC KL),12200,PDT,Masculino,FLORIANÓPOLIS / SC,parda,Solteiro,Ensino Médio completo,2001-07-22,PDT,https://d99xxpiicwteh.cloudfront.net/data-profile/img/2024/oficial/240002292899.jpeg,23.0,6000.0,0.0,100.0,0.0,100.0,0.0,0.0,0.0,0.0,253058.41,5800.0,5800.0,0.0,0
138,LAIS TORMES,30222,NOVO,Feminino,SAPIRANGA / RS,branca,Solteira,Superior incompleto,2002-05-12,NOVO,https://d99xxpiicwteh.cloudfront.net/data-profile/img/2024/oficial/240001911799.jpeg,22.0,14835.48,0.0,60.74,39.26,85.84,0.0,14.16,14.16,0.0,253058.41,4435.0,4435.0,15000.0,0
139,LARYSSA SMITH,15500,MDB,Feminino,TROMBUDO CENTRAL / SC,branca,Casada,Superior completo,1988-09-18,MDB,https://d99xxpiicwteh.cloudfront.net/data-profile/img/2024/oficial/240002150360.jpeg,36.0,12500.0,0.0,80.0,20.0,100.0,0.0,0.0,0.0,20.0,253058.41,9000.0,9000.0,0.0,1
140,LEANDRO LIMA,10500,REPUBLICANOS,Masculino,PORTO ALEGRE / RS,branca,Solteiro,Superior completo,1968-06-13,REPUBLICANOS,https://d99xxpiicwteh.cloudfront.net/data-profile/img/2024/oficial/240001947382.jpeg,56.0,22120.27,0.0,37.67,62.33,100.0,0.0,0.0,0.0,0.0,253058.41,13396.26,13396.26,175895.97,1
141,LEDA PROFESSORA,13456,PT,Feminino,PIRIPIRI / PI,branca,Casada,Superior completo,1966-04-24,Federação BRASIL DA ESPERANÇA - FE BRASIL(PT/PC do B/PV),https://d99xxpiicwteh.cloudfront.net/data-profile/img/2024/oficial/240002149313.jpeg,58.0,24938.14,0.0,100.0,0.0,100.0,0.0,0.0,0.0,0.0,253058.41,6819.0,5819.0,125381.98000000001,0
142,LEO GODINHO,30048,NOVO,Masculino,FLORIANÓPOLIS / SC,branca,Solteiro,Superior incompleto,1995-07-20,NOVO,https://d99xxpiicwteh.cloudfront.net/data-profile/img/2024/oficial/240001911793.jpeg,29.0,20193.05,0.0,36.61,63.39,89.6,18.32,10.4,10.4,0.25,253058.41,13420.0,13420.0,140000.0,0
143,LIDO,13500,PT,Masculino,ARATIBA / RS,branca,Casado,Superior completo,1977-02-04,Federação BRASIL DA ESPERANÇA - FE BRASIL(PT/PC do B/PV),https://d99xxpiicwteh.cloudfront.net/data-profile/img/2024/oficial/240002149327.jpeg,47.0,19201.07,0.0,90.98,9.02,100.0,0.68,0.0,0.0,0.0,253058.41,1648.47,1648.47,618000.0,0
144,LIROUS K'YO,13003,PT,Feminino,PORTO ALEGRE / RS,preta,Solteira,Superior completo,1982-11-01,Federação BRASIL DA ESPERANÇA - FE BRASIL(PT/PC do B/PV),https://d99xxpiicwteh.cloudfront.net/data-profile/img/2024/oficial/240002149321.jpeg,41.0,29938.14,0.0,100.0,0.0,100.0,0.0,0.0,0.0,0.0,,,,0.0,2
145,LUANA DA COSTEIRA,40444,PSB,Feminino,FLORIANÓPOLIS / SC,branca,Solteira,Ensino Médio completo,1981-06-02,PSB,https://d99xxpiicwteh.cloudfront.net/data-profile/img/2024/oficial/240002291707.jpeg,43.0,2000.0,100.0,0.0,0.0,100.0,0.0,0.0,0.0,0.0,,,,0.0,0
146,LUANA DE SOUZA FARIAS,40130,PSB,Feminino,FLORIANÓPOLIS / SC,parda,Solteira,Superior completo,1994-04-22,PSB,https://d99xxpiicwteh.cloudfront.net/data-profile/img/2024/oficial/240002390122.jpeg,30.0,2000.0,100.0,0.0,0.0,100.0,0.0,0.0,0.0,0.0,,,,0.0,0
147,LUANA FARIAS,10025,REPUBLICANOS,Feminino,FLORIANÓPOLIS / SC,preta,Casada,Superior incompleto,1973-07-27,REPUBLICANOS,https://d99xxpiicwteh.cloudfront.net/data-profile/img/2024/oficial/240001947383.jpeg,51.0,8500.0,0.0,100.0,0.0,100.0,0.0,0.0,0.0,0.0,,,,0.0,0
148,LUANA JUTTEL,20667,PODE,Feminino,FLORIANÓPOLIS / SC,branca,Solteira,Superior incompleto,1988-04-27,PODE,https://d99xxpiicwteh.cloudfront.net/data-profile/img/2024/oficial/240002029034.jpeg,36.0,3000.0,0.0,100.0,0.0,100.0,0.0,0.0,0.0,0.0,,,,0.0,0
149,LUCAS COELHO,11033,PP,Masculino,FLORIANÓPOLIS / SC,branca,Solteiro,Ensino Médio completo,1994-11-09,PP,https://d99xxpiicwteh.cloudfront.net/data-profile/img/2024/oficial/240002151404.jpeg,29.0,38022.72,0.0,100.0,0.0,18.41,0.0,81.59,81.59,0.0,,,,0.0,0
150,LUCIANA ALVES,45100,PSDB,Feminino,NIQUELÂNDIA / GO,branca,Casada,Superior incompleto,1977-04-01,Federação PSDB CIDADANIA(PSDB/CIDADANIA),https://d99xxpiicwteh.cloudfront.net/data-profile/img/2024/oficial/240002292441.jpeg,47.0,,,,,,,,,,,,,141100.0,0
151,LUCIANA ANDRADE,20500,PODE,Feminino,CURITIBA / PR,branca,Solteira,Superior completo,1969-12-23,PODE,https://d99xxpiicwteh.cloudfront.net/data-profile/img/2024/oficial/240002029024.jpeg,54.0,5500.0,0.0,100.0,0.0,100.0,0.0,0.0,0.0,0.0,,,,0.0,2
152,LUCIANA PARAENSE,12901,PDT,Feminino,BENEVIDES / PA,parda,Solteira,Superior completo,1988-07-10,PDT,https://d99xxpiicwteh.cloudfront.net/data-profile/img/2024/oficial/240002383712.jpeg,36.0,,,,,,,,,,,,,0.0,0
153,LUCIANO CHAPLIN,10010,REPUBLICANOS,Masculino,FLORIANÓPOLIS / SC,branca,Casado,Superior completo,1972-02-14,REPUBLICANOS,https://d99xxpiicwteh.cloudfront.net/data-profile/img/2024/oficial/240001947380.jpeg,52.0,9963.0,0.0,83.64,16.36,100.0,0.0,0.0,0.0,2.51,253058.41,9711.0,9711.0,686093.0,2
154,LUCIANO CORRÊA,44444,UNIÃO,Masculino,FLORIANÓPOLIS / SC,branca,Casado,Superior completo,1974-11-17,UNIÃO,https://d99xxpiicwteh.cloudfront.net/data-profile/img/2024/oficial/240002148994.jpeg,49.0,12780.0,0.0,76.53,23.47,100.0,0.0,0.0,0.0,23.47,253058.41,16476.41,8496.41,0.0,0
155,LUCIANO MEDEIROS,20222,PODE,Masculino,PORTO ALEGRE / RS,parda,Solteiro,Superior completo,1978-08-14,PODE,https://d99xxpiicwteh.cloudfront.net/data-profile/img/2024/oficial/240002029043.jpeg,46.0,10000.0,0.0,100.0,0.0,100.0,0.0,0.0,0.0,0.0,,,,0.0,2
156,LUCIANO POPULAR,45321,PSDB,Masculino,FLORIANÓPOLIS / SC,parda,Casado,Superior incompleto,1968-03-21,Federação PSDB CIDADANIA(PSDB/CIDADANIA),https://d99xxpiicwteh.cloudfront.net/data-profile/img/2024/oficial/240002292436.jpeg,56.0,,,,,,,,,,,,,12000.0,0
157,LUIS ZAIA,20555,PODE,Masculino,FLORIANÓPOLIS / SC,branca,Separado judicialmente,Superior completo,1957-08-07,PODE,https://d99xxpiicwteh.cloudfront.net/data-profile/img/2024/oficial/240002029035.jpeg,67.0,,,,,,,,,,,,,3580000.0,5
158,LUIZ VOLNI,10777,REPUBLICANOS,Masculino,SÃO MIGUEL DO OESTE / SC,parda,Casado,Ensino Médio completo,1986-12-05,REPUBLICANOS,https://d99xxpiicwteh.cloudfront.net/data-profile/img/2024/oficial/240001947384.jpeg,37.0,10808.0,0.0,100.0,0.0,100.0,0.0,0.0,0.0,0.0,253058.41,420.0,420.0,0.0,0
159,MAÇAN GUEDES,55999,PSD,Feminino,FLORIANÓPOLIS / SC,branca,Solteira,Superior completo,1975-09-14,PSD,https://d99xxpiicwteh.cloudfront.net/data-profile/img/2024/oficial/240001988760.jpeg,49.0,15950.0,0.0,94.04,5.96,100.0,0.0,0.0,0.0,5.96,,,,307000.0,3
160,MAESTRO ZEZINHO,11500,PP,Masculino,FLORIANÓPOLIS / SC,branca,Casado,Ensino Médio completo,1946-03-25,PP,https://d99xxpiicwteh.cloudfront.net/data-profile/img/2024/oficial/240002151400.jpeg,78.0,38022.72,0.0,100.0,0.0,18.41,0.0,81.59,81.59,0.0,253058.41,4000.0,0.0,0.0,0
161,MAICON COMBAT,44191,UNIÃO,Masculino,PORTO ALEGRE / RS,branca,Casado,Superior completo,1982-05-07,UNIÃO,https://d99xxpiicwteh.cloudfront.net/data-profile/img/2024/oficial/240002149007.jpeg,42.0,19560.0,0.0,100.0,0.0,100.0,0.0,0.0,0.0,0.0,253058.41,4895.0,1695.0,334937.36,0
162,MAIKON COSTA,11311,PP,Masculino,FLORIANÓPOLIS / SC,branca,Solteiro,Superior incompleto,1983-12-23,PP,https://d99xxpiicwteh.cloudfront.net/data-profile/img/2024/oficial/240002151408.jpeg,40.0,6500.0,0.0,0.0,0.0,0.0,0.0,100.0,100.0,0.0,,,,0.0,5
163,MAK PEZENATTO,15015,MDB,Masculino,NOVA ERECHIM / SC,branca,Solteiro,Superior incompleto,1990-01-02,MDB,https://d99xxpiicwteh.cloudfront.net/data-profile/img/2024/oficial/240002150351.jpeg,34.0,1500.0,0.0,0.0,100.0,100.0,100.0,0.0,0.0,0.0,253058.41,1421.0,1421.0,60000.0,1
164,MANEZINHO BÁSICO,30001,NOVO,Masculino,FLORIANÓPOLIS / SC,branca,Casado,Superior completo,1977-07-22,NOVO,https://d99xxpiicwteh.cloudfront.net/data-profile/img/2024/oficial/240001911802.jpeg,47.0,13723.05,0.0,56.98,43.02,84.7,0.0,15.3,15.3,0.0,253058.41,2100.0,2100.0,670000.0,0
165,MANU VIEIRA,22048,PL,Feminino,FLORIANÓPOLIS / SC,branca,Solteira,Superior completo,1982-07-18,PL,https://d99xxpiicwteh.cloudfront.net/data-profile/img/2024/oficial/240002149660.jpeg,42.0,147860.22,0.0,33.82,66.18,100.0,53.5,0.0,0.0,1.01,253058.41,55985.66,44355.66,286023.84,1
166,MANUEL JÚNIOR,22333,PL,Masculino,FLORIANÓPOLIS / SC,branca,Solteiro,Superior completo,1981-05-07,PL,https://d99xxpiicwteh.cloudfront.net/data-profile/img/2024/oficial/240002149665.jpeg,43.0,50972.0,0.0,98.09,1.91,100.0,0.24,0.0,0.0,1.67,253058.41,160.65,160.65,164844.79,1
167,MARCELINHO DA INTENDÊNCIA,22111,PL,Masculino,FLORIANÓPOLIS / SC,branca,Casado,Ensino Médio completo,1967-09-21,PL,https://d99xxpiicwteh.cloudfront.net/data-profile/img/2024/oficial/240002149671.jpeg,57.0,50000.0,0.0,100.0,0.0,100.0,0.0,0.0,0.0,0.0,,,,265964.87,4
168,MARCELINO DUTRA,15000,MDB,Masculino,FLORIANÓPOLIS / SC,branca,Casado,Superior completo,1964-10-26,MDB,https://d99xxpiicwteh.cloudfront.net/data-profile/img/2024/oficial/240002150368.jpeg,59.0,33500.0,0.0,89.55,10.45,100.0,0.0,0.0,0.0,10.45,253058.41,2000.0,2000.0,1365983.29,1
169,MARCELO 7 CORDAS,50222,PSOL,Masculino,FLORIANÓPOLIS / SC,preta,Divorciado,Superior completo,1974-01-08,Federação PSOL REDE(PSOL/REDE),https://d99xxpiicwteh.cloudfront.net/data-profile/img/2024/oficial/240002293287.jpeg,50.0,19000.0,0.0,100.0,0.0,100.0,0.0,0.0,0.0,0.0,253058.41,840.0,840.0,0.0,0
170,MÁRCIO VARGAS,50000,PSOL,Masculino,SANTA BÁRBARA DO SUL / RS,branca,Divorciado,Superior incompleto,1983-04-11,Federação PSOL REDE(PSOL/REDE),https://d99xxpiicwteh.cloudfront.net/data-profile/img/2024/oficial/240002293290.jpeg,41.0,15515.0,0.0,90.24,9.76,100.0,0.0,0.0,0.0,0.0,253058.41,11268.64,9268.64,22250.0,1
171,MARCO MEDEIROS,45123,PSDB,Masculino,FLORIANÓPOLIS / SC,branca,Casado,Superior completo,1971-01-20,Federação PSDB CIDADANIA(PSDB/CIDADANIA),https://d99xxpiicwteh.cloudfront.net/data-profile/img/2024/oficial/240002292431.jpeg,53.0,42928.31,0.0,69.88,30.12,100.0,0.0,0.0,0.0,30.12,253058.41,26278.31,13528.31,257500.0,3
172,MARGARETE PHILIPPI CECCONI,18888,REDE,Feminino,LAURO MÜLLER / SC,branca,Casada,Superior completo,1953-02-02,Federação PSOL REDE(PSOL/REDE),https://d99xxpiicwteh.cloudfront.net/data-profile/img/2024/oficial/240002293291.jpeg,71.0,989.6,0.0,100.0,0.0,100.0,0.0,0.0,0.0,0.0,,,,0.0,3
173,MARIA CLARA,70007,AVANTE,Feminino,NITERÓI / RJ,branca,Solteira,Superior completo,1994-03-02,AVANTE,https://d99xxpiicwteh.cloudfront.net/data-profile/img/2024/oficial/240002348467.jpeg,30.0,,,,,,,,,,,,,0.0,0
174,MARIA DA GRAÇA,12888,PDT,Feminino,RIO DE JANEIRO / RJ,branca,Divorciada,Superior completo,1949-07-12,PDT,https://d99xxpiicwteh.cloudfront.net/data-profile/img/2024/oficial/240002292908.jpeg,75.0,30000.0,0.0,100.0,0.0,100.0,0.0,0.0,0.0,0.0,253058.41,25436.9,24436.9,868883.4099999999,4
175,MARIA FERNANDA SANTIAGO,15999,MDB,Feminino,FLORIANÓPOLIS / SC,branca,Solteira,Ensino Médio incompleto,1983-06-29,MDB,https://d99xxpiicwteh.cloudfront.net/data-profile/img/2024/oficial/240002150364.jpeg,41.0,,,,,,,,,,,,,0.0,3
176,MARIA LUCIA,45678,PSDB,Feminino,FLORIANÓPOLIS / SC,branca,Casada,Superior completo,1972-10-24,Federação PSDB CIDADANIA(PSDB/CIDADANIA),https://d99xxpiicwteh.cloudfront.net/data-profile/img/2024/oficial/240002292433.jpeg,51.0,30000.0,0.0,100.0,0.0,100.0,0.0,0.0,0.0,0.0,,,,620000.0,0
177,MARIEL GRANDO,20220,PODE,Feminino,FLORIANÓPOLIS / SC,branca,Solteira,Superior completo,1982-05-22,PODE,https://d99xxpiicwteh.cloudfront.net/data-profile/img/2024/oficial/240002029032.jpeg,42.0,3000.0,0.0,100.0,0.0,100.0,0.0,0.0,0.0,0.0,,,,0.0,1
178,MARQUINHO PATRICIO,45777,PSDB,Masculino,FLORIANÓPOLIS / SC,branca,Divorciado,Ensino Médio incompleto,1964-03-23,Federação PSDB CIDADANIA(PSDB/CIDADANIA),https://d99xxpiicwteh.cloudfront.net/data-profile/img/2024/oficial/240002292427.jpeg,60.0,10000.0,0.0,100.0,0.0,100.0,0.0,0.0,0.0,0.0,253058.41,150.0,150.0,140000.0,1
179,MARQUINHOS,15222,MDB,Masculino,FLORIANÓPOLIS / SC,branca,Divorciado,Superior completo,1969-04-11,MDB,https://d99xxpiicwteh.cloudfront.net/data-profile/img/2024/oficial/240002150363.jpeg,55.0,22350.0,0.0,44.74,55.26,100.0,44.74,0.0,0.0,0.0,253058.41,10697.78,10697.78,1611600.0,3
180,MARQUINHOS DA ALDEIA,50456,PSOL,Masculino,FLORIANÓPOLIS / SC,preta,Solteiro,Superior completo,1974-02-07,Federação PSOL REDE(PSOL/REDE),https://d99xxpiicwteh.cloudfront.net/data-profile/img/2024/oficial/240002293293.jpeg,50.0,19000.0,0.0,100.0,0.0,100.0,0.0,0.0,0.0,0.0,253058.41,8005.0,8005.0,54196.0,2
181,MARTINA DOMINGUES,10444,REPUBLICANOS,Feminino,FLORIANÓPOLIS / SC,branca,Solteira,Superior completo,1994-04-05,REPUBLICANOS,https://d99xxpiicwteh.cloudfront.net/data-profile/img/2024/oficial/240001947377.jpeg,30.0,8347.9,0.0,99.82,0.18,100.0,0.0,0.0,0.0,0.18,253058.41,14.9,14.9,0.0,0
182,MAURO COSTA,44567,UNIÃO,Masculino,FLORIANÓPOLIS / SC,branca,Solteiro,Superior completo,1981-06-16,UNIÃO,https://d99xxpiicwteh.cloudfront.net/data-profile/img/2024/oficial/240002149003.jpeg,43.0,26060.0,0.0,75.06,24.94,100.0,7.67,0.0,0.0,5.76,253058.41,20716.78,20716.78,400000.0,0
183,MAURO PIRATA,11066,PP,Masculino,PORTO ALEGRE / RS,parda,Solteiro,Ensino Médio completo,1971-10-28,PP,https://d99xxpiicwteh.cloudfront.net/data-profile/img/2024/oficial/240002390121.jpeg,52.0,14461.8,0.0,87.92,12.08,55.05,0.0,44.95,44.95,0.0,,,,0.0,0
184,MAY,55016,PSD,Feminino,FLORIANÓPOLIS / SC,branca,Solteira,Superior incompleto,2002-02-27,PSD,https://d99xxpiicwteh.cloudfront.net/data-profile/img/2024/oficial/240001988749.jpeg,22.0,10750.0,0.0,93.02,6.98,100.0,6.98,0.0,0.0,0.0,253058.41,3390.0,2250.0,0.0,0
185,MEG,16016,PSTU,Feminino,SÃO PAULO / SP,preta,Solteira,Superior incompleto,1994-07-22,PSTU,https://d99xxpiicwteh.cloudfront.net/data-profile/img/2024/oficial/240002149848.jpeg,30.0,10300.0,0.0,100.0,0.0,100.0,0.0,0.0,0.0,0.0,253058.41,7400.0,0.0,0.0,0
186,MIGUEL GREGORIO,15555,MDB,Masculino,NITERÓI / RJ,branca,Casado,Ensino Médio completo,1980-02-23,MDB,https://d99xxpiicwteh.cloudfront.net/data-profile/img/2024/oficial/240002150355.jpeg,44.0,11975.0,0.0,83.51,16.49,100.0,0.0,0.0,0.0,8.77,253058.41,33.76,33.76,603000.0,0
187,MILEI DE FLORIPA,22038,PL,Masculino,FLORIANÓPOLIS / SC,branca,Solteiro,Superior completo,1967-10-27,PL,https://d99xxpiicwteh.cloudfront.net/data-profile/img/2024/oficial/240002149668.jpeg,56.0,58000.0,0.0,86.21,13.79,100.0,0.0,0.0,0.0,13.79,253058.41,3508.8,3508.8,8141200.75,1
188,MIRÊ CHAGAS,50750,PSOL,Feminino,PORTO ALEGRE / RS,parda,Solteira,Superior completo,1994-05-23,Federação PSOL REDE(PSOL/REDE),https://d99xxpiicwteh.cloudfront.net/data-profile/img/2024/oficial/240002293281.jpeg,30.0,54110.14,0.0,100.0,0.0,100.0,0.0,0.0,0.0,0.0,253058.41,33941.5,18120.0,0.0,0
189,MONALIZA,22200,PL,Feminino,BENTO GONÇALVES / RS,branca,Casada,Superior completo,1982-08-02,PL,https://d99xxpiicwteh.cloudfront.net/data-profile/img/2024/oficial/240002149662.jpeg,42.0,53320.0,0.0,93.77,6.23,100.0,3.75,0.0,0.0,0.75,253058.41,5723.58,5723.58,0.0,0
190,MONICA DUARTE,20000,PODE,Feminino,FLORIANÓPOLIS / SC,branca,Solteira,Superior completo,1995-01-22,PODE,https://d99xxpiicwteh.cloudfront.net/data-profile/img/2024/oficial/240002029026.jpeg,29.0,59760.0,0.0,50.2,49.8,100.0,49.8,0.0,0.0,0.0,253058.41,41103.6,20103.6,0.0,1
191,MT COLETIVO PRACIMAFLORIPA,45555,PSDB,Masculino,SETE QUEDAS / MS,parda,Casado,Ensino Fundamental incompleto,1983-02-28,Federação PSDB CIDADANIA(PSDB/CIDADANIA),https://d99xxpiicwteh.cloudfront.net/data-profile/img/2024/oficial/240002292425.jpeg,41.0,30200.0,0.0,99.34,0.66,100.0,0.66,0.0,0.0,0.0,,,,167000.0,0
192,NADIR ALVES,10017,REPUBLICANOS,Feminino,MANDAGUARI / PR,branca,Divorciada,Ensino Médio completo,1967-12-06,REPUBLICANOS,https://d99xxpiicwteh.cloudfront.net/data-profile/img/2024/oficial/240001947362.jpeg,56.0,8333.0,0.0,100.0,0.0,100.0,0.0,0.0,0.0,0.0,253058.41,8300.0,8300.0,50960.0,0
193,NANA MARTINELLI,22122,PL,Feminino,FLORIANÓPOLIS / SC,branca,Solteira,Superior completo,1980-01-06,PL,https://d99xxpiicwteh.cloudfront.net/data-profile/img/2024/oficial/240002149676.jpeg,44.0,15000.0,0.0,100.0,0.0,100.0,0.0,0.0,0.0,0.0,253058.41,1000.0,1000.0,84000.0,0
194,NATHAN SILVA,12401,PDT,Masculino,IMPERATRIZ / MA,preta,Solteiro,Ensino Médio completo,1990-12-25,PDT,https://d99xxpiicwteh.cloudfront.net/data-profile/img/2024/oficial/240002292912.jpeg,33.0,10971.2,0.0,95.5,4.5,95.44,6.38,4.56,4.56,2.47,253058.41,6141.2,6141.2,0.0,0
195,NEGA GRAZI,15100,MDB,Feminino,FLORIANÓPOLIS / SC,preta,Solteira,Superior incompleto,1983-05-22,MDB,https://d99xxpiicwteh.cloudfront.net/data-profile/img/2024/oficial/240002150350.jpeg,41.0,18050.0,0.0,100.0,0.0,100.0,0.0,0.0,0.0,0.0,,,,108267.93,2
196,NEGÃO MAICOM,40987,PSB,Masculino,FLORIANÓPOLIS / SC,preta,Casado,Ensino Fundamental completo,1987-10-08,PSB,https://d99xxpiicwteh.cloudfront.net/data-profile/img/2024/oficial/240002291706.jpeg,36.0,2000.0,0.0,100.0,0.0,100.0,0.0,0.0,0.0,0.0,,,,265000.0,0
197,NEICICLAGEM,50300,PSOL,Masculino,MAFRA / SC,branca,Solteiro,Superior completo,1978-10-16,Federação PSOL REDE(PSOL/REDE),https://d99xxpiicwteh.cloudfront.net/data-profile/img/2024/oficial/240002293297.jpeg,45.0,14000.0,0.0,100.0,0.0,100.0,0.0,0.0,0.0,0.0,253058.41,640.0,640.0,0.0,2
198,NENI,10555,REPUBLICANOS,Masculino,FLORIANÓPOLIS / SC,parda,Solteiro,Superior incompleto,1983-07-23,REPUBLICANOS,https://d99xxpiicwteh.cloudfront.net/data-profile/img/2024/oficial/240001947365.jpeg,41.0,47308.0,0.0,31.5,68.5,72.52,77.15,27.48,27.48,0.0,253058.41,32630.78,27688.78,0.0,1
199,NIDE SOUZA,20129,PODE,Feminino,PALHOÇA / SC,branca,Solteira,Ensino Médio completo,1971-09-19,PODE,https://d99xxpiicwteh.cloudfront.net/data-profile/img/2024/oficial/240002029030.jpeg,53.0,,,,,,,,,,,,,0.0,0
200,NILDA OLIVEIRA,45111,PSDB,Feminino,DOM CAVATI / MG,parda,Casada,Ensino Médio completo,1966-05-24,Federação PSDB CIDADANIA(PSDB/CIDADANIA),https://d99xxpiicwteh.cloudfront.net/data-profile/img/2024/oficial/240002292432.jpeg,58.0,55100.0,0.0,90.74,9.26,100.0,2.72,0.0,0.0,6.53,253058.41,6284.25,3284.25,927669.13,0
201,NILDÃO,65123,PC do B,Masculino,SIMÃO DIAS / SE,branca,Casado,Superior completo,1965-02-18,Federação BRASIL DA ESPERANÇA - FE BRASIL(PT/PC do B/PV),https://d99xxpiicwteh.cloudfront.net/data-profile/img/2024/oficial/240002149315.jpeg,59.0,209649.1,9.54,78.19,12.27,100.0,9.84,0.0,0.0,0.0,253058.41,171250.28,120750.28,149451.79,5
202,NOEMI LEAL,44777,UNIÃO,Feminino,FLORIANÓPOLIS / SC,branca,Casada,Superior completo,1969-10-25,UNIÃO,https://d99xxpiicwteh.cloudfront.net/data-profile/img/2024/oficial/240002149006.jpeg,54.0,69560.0,0.0,85.31,14.69,100.0,12.94,0.0,0.0,1.75,253058.41,57153.75,57153.75,117798.39,2
203,PASTOR GILIARD TORQUATO,22444,PL,Masculino,FLORIANÓPOLIS / SC,branca,Casado,Superior completo,1983-07-31,PL,https://d99xxpiicwteh.cloudfront.net/data-profile/img/2024/oficial/240002149655.jpeg,41.0,65546.1,0.0,100.0,0.0,76.28,23.72,23.72,23.72,0.0,253058.41,1469.0,1469.0,0.0,0
204,PASTOR NAPOLEÃO BONAPARTE,44888,UNIÃO,Masculino,FORTALEZA / CE,branca,Divorciado,Ensino Médio completo,1960-07-25,UNIÃO,https://d99xxpiicwteh.cloudfront.net/data-profile/img/2024/oficial/240002148992.jpeg,64.0,,,,,,,,,,,,,0.0,4
205,PASTORA BRISA,10012,REPUBLICANOS,Feminino,RIO DE JANEIRO / RJ,branca,Casada,Ensino Médio completo,1976-12-02,REPUBLICANOS,https://d99xxpiicwteh.cloudfront.net/data-profile/img/2024/oficial/240001947368.jpeg,47.0,8333.0,0.0,100.0,0.0,100.0,0.0,0.0,0.0,0.0,253058.41,8100.0,8100.0,31426.0,0
206,PAULINHO SOUZA,12999,PDT,Masculino,URUBICI / SC,branca,Solteiro,Superior incompleto,1966-11-13,PDT,https://d99xxpiicwteh.cloudfront.net/data-profile/img/2024/oficial/240002292909.jpeg,57.0,6000.0,0.0,100.0,0.0,100.0,0.0,0.0,0.0,0.0,253058.41,6000.0,3000.0,0.0,1
207,PAULO RICARDO,44727,UNIÃO,Masculino,FLORIANÓPOLIS / SC,preta,Casado,Ensino Fundamental completo,1964-10-09,UNIÃO,https://d99xxpiicwteh.cloudfront.net/data-profile/img/2024/oficial/240002149008.jpeg,59.0,29340.0,0.0,100.0,0.0,100.0,0.0,0.0,0.0,0.0,253058.41,26921.9,2094.0,25000.0,0
208,PAULO ROSA,55222,PSD,Masculino,FLORIANÓPOLIS / SC,branca,Casado,Superior completo,1960-10-24,PSD,https://d99xxpiicwteh.cloudfront.net/data-profile/img/2024/oficial/240001988764.jpeg,63.0,,,,,,,,,,,,,0.0,0
209,PAULO SILVA,45444,PSDB,Masculino,PINHÃO / PR,parda,Casado,Ensino Médio completo,1975-02-28,Federação PSDB CIDADANIA(PSDB/CIDADANIA),https://d99xxpiicwteh.cloudfront.net/data-profile/img/2024/oficial/240002292439.jpeg,49.0,15000.0,0.0,100.0,0.0,100.0,0.0,0.0,0.0,0.0,253058.41,595.0,0.0,37500.0,0
210,PEDRO NEVES,22222,PL,Masculino,RESENDE / RJ,branca,Casado,Superior completo,1992-04-05,PL,https://d99xxpiicwteh.cloudfront.net/data-profile/img/2024/oficial/240002149656.jpeg,32.0,54756.5,0.0,91.31,8.69,100.0,0.0,0.0,0.0,8.69,253058.41,8359.0,8359.0,20000.0,1
211,PHERNANDA RAMOS,45044,PSDB,Feminino,FLORIANÓPOLIS / SC,branca,Solteira,Superior incompleto,1989-07-18,Federação PSDB CIDADANIA(PSDB/CIDADANIA),https://d99xxpiicwteh.cloudfront.net/data-profile/img/2024/oficial/240002292428.jpeg,35.0,10000.0,0.0,100.0,0.0,100.0,0.0,0.0,0.0,0.0,,,,0.0,2
212,PRI FERNANDES ADOTE,55444,PSD,Feminino,CANOAS / RS,branca,Divorciada,Superior completo,1974-10-10,PSD,https://d99xxpiicwteh.cloudfront.net/data-profile/img/2024/oficial/240001988762.jpeg,49.0,77128.89,0.0,75.81,24.19,80.38,25.01,19.62,19.62,7.78,253058.41,13400.0,13400.0,1000000.0,2
213,PRISCILA REJANE,11007,PP,Feminino,BELO HORIZONTE / MG,branca,Solteira,Ensino Médio completo,1982-06-30,PP,https://d99xxpiicwteh.cloudfront.net/data-profile/img/2024/oficial/240002151396.jpeg,42.0,54091.51,6.98,93.02,0.0,53.0,0.0,47.0,47.0,0.0,253058.41,18110.45,0.0,54706.0,0
214,PROF. PEDRO CABRAL,50123,PSOL,Masculino,FLORIANÓPOLIS / SC,preta,Solteiro,Superior completo,1960-07-03,Federação PSOL REDE(PSOL/REDE),https://d99xxpiicwteh.cloudfront.net/data-profile/img/2024/oficial/240002293301.jpeg,64.0,83557.99,0.0,93.42,6.58,100.0,0.0,0.0,0.0,0.6,253058.41,16870.64,16870.64,155736.69,4
215,PROF. ROSSO,22666,PL,Masculino,CRICIÚMA / SC,branca,Casado,Superior completo,1971-06-07,PL,https://d99xxpiicwteh.cloudfront.net/data-profile/img/2024/oficial/240002149672.jpeg,53.0,100000.0,0.0,100.0,0.0,100.0,0.0,0.0,0.0,0.0,,,,946931.96,1
216,PROFESSOR BRUNO,13333,PT,Masculino,LAGES / SC,branca,Casado,Superior completo,1983-08-15,Federação BRASIL DA ESPERANÇA - FE BRASIL(PT/PC do B/PV),https://d99xxpiicwteh.cloudfront.net/data-profile/img/2024/oficial/240002149314.jpeg,41.0,70791.37,0.0,72.19,27.81,95.76,15.03,4.24,4.24,0.0,253058.41,40505.8,40505.8,302357.42,0
217,PROFESSOR CADU,13123,PT,Masculino,ITAJAÍ / SC,branca,Solteiro,Superior completo,1979-02-03,Federação BRASIL DA ESPERANÇA - FE BRASIL(PT/PC do B/PV),https://d99xxpiicwteh.cloudfront.net/data-profile/img/2024/oficial/240002149325.jpeg,45.0,113886.54,0.0,71.19,28.81,92.13,30.93,7.87,7.87,0.0,253058.41,112725.0,98758.32,223206.55,3
218,PROFESSOR FABIANO PEREIRA,44010,UNIÃO,Masculino,FLORIANÓPOLIS / SC,branca,Casado,Superior completo,1971-05-13,UNIÃO,https://d99xxpiicwteh.cloudfront.net/data-profile/img/2024/oficial/240002149001.jpeg,53.0,14670.0,0.0,100.0,0.0,100.0,0.0,0.0,0.0,0.0,,,,0.0,3
219,PROFESSOR FELIPE,55333,PSD,Masculino,FLORIANÓPOLIS / SC,branca,Casado,Superior completo,1968-01-30,PSD,https://d99xxpiicwteh.cloudfront.net/data-profile/img/2024/oficial/240001988758.jpeg,56.0,65500.0,0.0,0.0,100.0,46.56,83.97,53.44,53.44,16.03,253058.41,17516.33,11516.33,66326.70000000001,4
220,PROFESSOR JOSEMIR,13031,PT,Masculino,FLORIANÓPOLIS / SC,branca,Divorciado,Superior completo,1969-06-26,Federação BRASIL DA ESPERANÇA - FE BRASIL(PT/PC do B/PV),https://d99xxpiicwteh.cloudfront.net/data-profile/img/2024/oficial/240002149318.jpeg,55.0,8969.07,0.0,83.28,16.72,100.0,0.0,0.0,0.0,16.72,253058.41,8969.07,8969.07,452677.11,4
221,PROFESSOR MARCOS SOUZA,22456,PL,Masculino,FLORIANÓPOLIS / SC,branca,Casado,Superior completo,1989-06-13,PL,https://d99xxpiicwteh.cloudfront.net/data-profile/img/2024/oficial/240002149654.jpeg,35.0,50000.0,0.0,100.0,0.0,100.0,0.0,0.0,0.0,0.0,,,,92857.9,0
222,PROFESSOR MAYCON OLIVEIRA,15444,MDB,Masculino,FLORIANÓPOLIS / SC,branca,Casado,Superior completo,1978-11-02,MDB,https://d99xxpiicwteh.cloudfront.net/data-profile/img/2024/oficial/240002150362.jpeg,45.0,12100.0,0.0,82.64,17.36,100.0,8.26,0.0,0.0,4.13,253058.41,521.9,521.9,0.0,5
223,PROFESSOR PAULO HORTA,13048,PT,Masculino,SÃO PAULO / SP,branca,Solteiro,Superior completo,1972-11-13,Federação BRASIL DA ESPERANÇA - FE BRASIL(PT/PC do B/PV),https://d99xxpiicwteh.cloudfront.net/data-profile/img/2024/oficial/240002149316.jpeg,51.0,39559.07,0.0,18.88,81.12,100.0,19.03,0.0,0.0,37.92,253058.41,29630.84,29630.84,786000.0,0
224,PROFESSOR PEDRO,80000,UP,Masculino,LAGES / SC,branca,Solteiro,Superior completo,1999-07-16,UP,https://d99xxpiicwteh.cloudfront.net/data-profile/img/2024/oficial/240002029093.jpeg,25.0,8749.0,0.0,100.0,0.0,100.0,0.0,0.0,0.0,0.0,253058.41,3758.5,0.0,0.0,0
225,PROFESSOR VANIO,40111,PSB,Masculino,FLORIANÓPOLIS / SC,branca,Casado,Superior completo,1973-10-25,PSB,https://d99xxpiicwteh.cloudfront.net/data-profile/img/2024/oficial/240002291711.jpeg,50.0,1000.0,0.0,100.0,0.0,100.0,0.0,0.0,0.0,0.0,,,,178900.0,0
226,PROFESSOR ZACARIA,55777,PSD,Masculino,FOZ DO IGUAÇU / PR,branca,Solteiro,Superior completo,1974-06-16,PSD,https://d99xxpiicwteh.cloudfront.net/data-profile/img/2024/oficial/240001988757.jpeg,50.0,5000.0,0.0,100.0,0.0,100.0,0.0,0.0,0.0,0.0,,,,2654746.6200000006,0
227,PROFESSORA ALINE CAMARGO,11711,PP,Feminino,LAGES / SC,branca,Divorciada,Superior completo,1977-07-31,PP,https://d99xxpiicwteh.cloudfront.net/data-profile/img/2024/oficial/240002151403.jpeg,47.0,54091.51,6.98,93.02,0.0,53.0,0.0,47.0,47.0,0.0,253058.41,18111.45,0.0,618000.0,0
228,PROFESSORA FABRICIA SOUZA,55200,PSD,Feminino,FLORIANÓPOLIS / SC,branca,Casada,Superior completo,1975-03-12,PSD,https://d99xxpiicwteh.cloudfront.net/data-profile/img/2024/oficial/240001988761.jpeg,49.0,140000.0,0.0,14.29,85.71,100.0,82.14,0.0,0.0,3.57,253058.41,40770.5,40770.5,19141.93,1
229,PROFESSORA MÁRCIA KROEFF,11600,PP,Feminino,PORTO ALEGRE / RS,branca,Divorciada,Superior completo,1967-03-29,PP,https://d99xxpiicwteh.cloudfront.net/data-profile/img/2024/oficial/240002151406.jpeg,57.0,54091.51,6.98,93.02,0.0,53.0,0.0,47.0,47.0,0.0,253058.41,23310.45,0.0,94089.75,0
230,PROFESSORA MARI E A COLETIVA,13401,PT,Feminino,FLORIANÓPOLIS / SC,parda,Divorciada,Superior completo,1987-05-31,Federação BRASIL DA ESPERANÇA - FE BRASIL(PT/PC do B/PV),https://d99xxpiicwteh.cloudfront.net/data-profile/img/2024/oficial/240002149328.jpeg,37.0,14938.14,0.0,100.0,0.0,100.0,0.0,0.0,0.0,0.0,253058.41,6600.0,6000.0,167000.0,0
231,PROFESSORA SUSANA,12122,PDT,Feminino,LAGUNA / SC,branca,Casada,Superior completo,1963-03-21,PDT,https://d99xxpiicwteh.cloudfront.net/data-profile/img/2024/oficial/240002292910.jpeg,61.0,10000.0,0.0,100.0,0.0,100.0,0.0,0.0,0.0,0.0,,,,440000.0,0
232,PSICÓLOGA RONIZE,15315,MDB,Feminino,FLORIANÓPOLIS / SC,branca,Casada,Superior completo,1972-03-22,MDB,https://d99xxpiicwteh.cloudfront.net/data-profile/img/2024/oficial/240002150348.jpeg,52.0,43200.0,0.0,99.54,0.46,100.0,0.46,0.0,0.0,0.0,253058.41,13958.0,1708.0,850000.0,1
233,RAFA DO GÁS,45122,PSDB,Masculino,ALEGRETE / RS,branca,Casado,Ensino Médio completo,1983-12-27,Federação PSDB CIDADANIA(PSDB/CIDADANIA),https://d99xxpiicwteh.cloudfront.net/data-profile/img/2024/oficial/240002292434.jpeg,40.0,45000.0,0.0,33.33,66.67,100.0,66.67,0.0,0.0,0.0,,,,3199000.0,0
234,RAFAEL ARY,30200,NOVO,Masculino,FORTALEZA / CE,branca,Solteiro,Superior completo,1982-05-31,NOVO,https://d99xxpiicwteh.cloudfront.net/data-profile/img/2024/oficial/240001911786.jpeg,42.0,82036.59,0.0,9.01,90.99,91.68,56.78,8.32,8.32,5.49,253058.41,74208.07,72708.07,465990.0,1
235,RAFAEL CARDOSO,12111,PDT,Masculino,FLORIANÓPOLIS / SC,parda,Casado,Ensino Médio completo,1986-01-23,PDT,https://d99xxpiicwteh.cloudfront.net/data-profile/img/2024/oficial/240002292916.jpeg,38.0,6000.0,0.0,100.0,0.0,100.0,0.0,0.0,0.0,0.0,253058.41,2000.0,1000.0,0.0,0
236,RAFINHA DE LIMA,55000,PSD,Masculino,FLORIANÓPOLIS / SC,branca,Solteiro,Superior completo,1989-01-14,PSD,https://d99xxpiicwteh.cloudfront.net/data-profile/img/2024/oficial/240001988753.jpeg,35.0,,,,,,,,,,,,,100000.0,0
237,RAMA SOS NAUFRAGADOS,44500,UNIÃO,Masculino,FLORIANÓPOLIS / SC,branca,Casado,Superior completo,1984-08-30,UNIÃO,https://d99xxpiicwteh.cloudfront.net/data-profile/img/2024/oficial/240002149009.jpeg,40.0,,,,,,,,,,,,,100000.0,0
238,RAQUEL AFONSO,11123,PP,Feminino,SÃO PAULO / SP,branca,Casada,Ensino Médio completo,1982-07-21,PP,https://d99xxpiicwteh.cloudfront.net/data-profile/img/2024/oficial/240002151412.jpeg,42.0,65091.51,5.04,92.44,2.52,60.94,1.54,39.06,39.06,0.0,253058.41,38110.45,0.0,32701.78,0
239,RAQUEL PECATTO,40555,PSB,Feminino,PONTE ALTA / SC,branca,Solteira,Superior completo,1967-12-13,PSB,https://d99xxpiicwteh.cloudfront.net/data-profile/img/2024/oficial/240002291708.jpeg,56.0,2000.0,0.0,100.0,0.0,100.0,0.0,0.0,0.0,0.0,253058.41,5000.0,0.0,0.0,4
240,REJANE VARELA,15007,MDB,Feminino,FLORIANÓPOLIS / SC,parda,Casada,Superior completo,1970-07-27,MDB,https://d99xxpiicwteh.cloudfront.net/data-profile/img/2024/oficial/240002150345.jpeg,54.0,18050.0,0.0,100.0,0.0,100.0,0.0,0.0,0.0,0.0,253058.41,17000.0,17000.0,31000.0,2
241,RENAN FREITAS,12121,PDT,Masculino,SÃO PAULO / SP,parda,Solteiro,Superior completo,1999-06-25,PDT,https://d99xxpiicwteh.cloudfront.net/data-profile/img/2024/oficial/240002292907.jpeg,25.0,6000.0,0.0,100.0,0.0,100.0,0.0,0.0,0.0,0.0,,,,0.0,0
242,RENATA AGUIAR (KIDA),20777,PODE,Feminino,FLORIANÓPOLIS / SC,branca,Solteira,Superior completo,1986-02-07,PODE,https://d99xxpiicwteh.cloudfront.net/data-profile/img/2024/oficial/240002029031.jpeg,38.0,5000.0,0.0,100.0,0.0,100.0,0.0,0.0,0.0,0.0,,,,0.0,0
243,RENATA VAZ,22888,PL,Feminino,RIO DE JANEIRO / RJ,branca,Casada,Superior completo,1980-06-22,PL,https://d99xxpiicwteh.cloudfront.net/data-profile/img/2024/oficial/240002149674.jpeg,44.0,50000.0,0.0,100.0,0.0,100.0,0.0,0.0,0.0,0.0,253058.41,3000.0,0.0,0.0,0
244,RENATO DA FARMÁCIA,45051,PSDB,Masculino,BLUMENAU / SC,branca,Separado judicialmente,Superior completo,1954-06-18,Federação PSDB CIDADANIA(PSDB/CIDADANIA),https://d99xxpiicwteh.cloudfront.net/data-profile/img/2024/oficial/240002292437.jpeg,70.0,34200.0,0.0,87.72,12.28,100.0,12.28,0.0,0.0,0.0,253058.41,1000.0,1000.0,54449.28,4
245,RENATO NASCIMENTO,70012,AVANTE,Masculino,LIMEIRA / SP,branca,Separado judicialmente,Superior completo,1978-10-17,AVANTE,https://d99xxpiicwteh.cloudfront.net/data-profile/img/2024/oficial/240002348464.jpeg,45.0,,,,,,,,,,,,,0.0,0
246,RICARDO PASTRANA,55153,PSD,Masculino,FLORIANÓPOLIS / SC,branca,Casado,Superior completo,1981-09-07,PSD,https://d99xxpiicwteh.cloudfront.net/data-profile/img/2024/oficial/240001988756.jpeg,43.0,40356.0,0.0,0.0,100.0,100.0,81.77,0.0,0.0,18.23,253058.41,6625.0,6625.0,2403760.64,0
247,RITA FEIJÃO,10024,REPUBLICANOS,Feminino,FLORIANÓPOLIS / SC,preta,Solteira,Ensino Médio completo,1973-09-21,REPUBLICANOS,https://d99xxpiicwteh.cloudfront.net/data-profile/img/2024/oficial/240001947367.jpeg,51.0,8333.0,0.0,100.0,0.0,100.0,0.0,0.0,0.0,0.0,253058.41,6950.0,6950.0,0.0,1
248,ROBERTO CARLOS COVER,20556,PODE,Masculino,ITABUNA / BA,parda,Casado,Ensino Médio completo,1956-03-03,PODE,https://d99xxpiicwteh.cloudfront.net/data-profile/img/2024/oficial/240002029029.jpeg,68.0,,,,,,,,,,,,,5000.0,0
249,ROBERTO KATUMI,55555,PSD,Masculino,FLORIANÓPOLIS / SC,branca,Solteiro,Ensino Médio completo,1969-06-15,PSD,https://d99xxpiicwteh.cloudfront.net/data-profile/img/2024/oficial/240001988748.jpeg,55.0,126269.55,0.0,45.93,54.07,100.0,32.52,0.0,0.0,0.0,253058.41,46566.4,26330.4,336148.36,5
250,RODRIGO CÁSSIO,11333,PP,Masculino,FLORIANÓPOLIS / SC,branca,Casado,Superior completo,1974-02-27,PP,https://d99xxpiicwteh.cloudfront.net/data-profile/img/2024/oficial/240002151409.jpeg,50.0,43796.47,0.0,54.14,45.86,29.52,2.05,70.48,70.48,0.0,253058.41,9078.6,5008.6,1070000.0,3
251,RODRIGO DO CAMPECHE,40500,PSB,Masculino,PORTO ALEGRE / RS,branca,Casado,Superior completo,1987-01-28,PSB,https://d99xxpiicwteh.cloudfront.net/data-profile/img/2024/oficial/240002291715.jpeg,37.0,1000.0,100.0,0.0,0.0,100.0,0.0,0.0,0.0,0.0,,,,116900.0,1
252,RODRIGO MAFRA,15777,MDB,Masculino,FLORIANÓPOLIS / SC,branca,Solteiro,Superior incompleto,1987-01-27,MDB,https://d99xxpiicwteh.cloudfront.net/data-profile/img/2024/oficial/240002150349.jpeg,37.0,10000.0,0.0,100.0,0.0,100.0,0.0,0.0,0.0,0.0,,,,0.0,0
253,RODRIGO VENTURA,30250,NOVO,Masculino,FLORIANÓPOLIS / SC,branca,Casado,Ensino Médio completo,1986-01-13,NOVO,https://d99xxpiicwteh.cloudfront.net/data-profile/img/2024/oficial/240001911800.jpeg,38.0,13723.05,0.0,56.98,43.02,84.7,0.0,15.3,15.3,0.0,253058.41,4934.52,4934.52,35000.0,0
254,ROMEU POMPÍLIO,11111,PP,Masculino,FLORIANÓPOLIS / SC,branca,Solteiro,Superior completo,1969-01-28,PP,https://d99xxpiicwteh.cloudfront.net/data-profile/img/2024/oficial/240002151413.jpeg,55.0,55206.47,0.0,28.76,71.24,44.09,31.41,55.91,55.91,0.0,253058.41,11838.0,11838.0,38000.0,3
255,ROSA VILLANUEVA,50002,PSOL,Feminino,PERU,parda,Solteira,Superior completo,1961-07-07,Federação PSOL REDE(PSOL/REDE),https://d99xxpiicwteh.cloudfront.net/data-profile/img/2024/oficial/240002293302.jpeg,63.0,51315.38,0.0,99.96,0.04,100.0,0.04,0.0,0.0,0.0,,,,100000.0,1
256,ROSE MACHADO,40777,PSB,Feminino,LAGES / SC,branca,Casada,Superior incompleto,1966-08-26,PSB,https://d99xxpiicwteh.cloudfront.net/data-profile/img/2024/oficial/240002291705.jpeg,58.0,,,,,,,,,,,,,400000.0,1
257,ROSE SANTANA,12789,PDT,Feminino,TOLEDO / PR,branca,Solteira,Superior incompleto,1989-10-26,PDT,https://d99xxpiicwteh.cloudfront.net/data-profile/img/2024/oficial/240002292900.jpeg,34.0,,,,,,,,,,,,,7000.0,0
258,ROSELI PEREIRA,44333,UNIÃO,Feminino,FLORIANÓPOLIS / SC,branca,Casada,Superior completo,1963-09-10,UNIÃO,https://d99xxpiicwteh.cloudfront.net/data-profile/img/2024/oficial/240002148995.jpeg,61.0,58257.03,0.0,0.0,100.0,62.22,51.53,33.49,33.49,41.83,253058.41,27501.29,26101.29,0.0,6
259,ROXANA SHINOHARA,45000,PSDB,Feminino,SÃO PAULO / SP,branca,Separada judicialmente,Superior completo,1975-04-10,Federação PSDB CIDADANIA(PSDB/CIDADANIA),https://d99xxpiicwteh.cloudfront.net/data-profile/img/2024/oficial/240002292446.jpeg,49.0,33242.5,0.0,75.2,24.8,100.0,9.67,0.0,0.0,15.13,253058.41,6745.0,5845.0,0.0,0
260,RUY WOLFF,13613,PT,Masculino,FLORIANÓPOLIS / SC,branca,Casado,Superior completo,1963-06-15,Federação BRASIL DA ESPERANÇA - FE BRASIL(PT/PC do B/PV),https://d99xxpiicwteh.cloudfront.net/data-profile/img/2024/oficial/240002149326.jpeg,61.0,71968.78,0.0,61.05,38.95,100.0,16.04,0.0,0.0,2.78,253058.41,62201.56,51394.89,1423000.0,0
261,SAFIRA DE YOLANDA,30307,NOVO,Feminino,BRAÇO DO NORTE / SC,branca,Solteira,Superior incompleto,1993-11-29,NOVO,https://d99xxpiicwteh.cloudfront.net/data-profile/img/2024/oficial/240001911784.jpeg,30.0,14835.48,0.0,60.74,39.26,85.84,0.0,14.16,14.16,0.0,253058.41,12560.0,11990.0,28723.0,0
262,SAIMON MOREIRA,20999,PODE,Masculino,SÃO JOSÉ / SC,branca,Solteiro,Ensino Médio completo,1999-03-11,PODE,https://d99xxpiicwteh.cloudfront.net/data-profile/img/2024/oficial/240002029033.jpeg,25.0,4274.0,0.0,93.59,6.41,100.0,0.0,0.0,0.0,6.41,,,,247911.49,0
263,SAMUEL VIDAL,55199,PSD,Masculino,PORTO ALEGRE / RS,parda,Casado,Superior completo,1995-07-21,PSD,https://d99xxpiicwteh.cloudfront.net/data-profile/img/2024/oficial/240001988752.jpeg,29.0,17280.0,0.0,69.44,30.56,100.0,0.0,0.0,0.0,0.0,253058.41,5138.34,4579.83,0.0,1
264,SANDRA ANDRADE,30456,NOVO,Feminino,ARAXÁ / MG,parda,Casada,Superior completo,1954-12-21,NOVO,https://d99xxpiicwteh.cloudfront.net/data-profile/img/2024/oficial/240001911787.jpeg,69.0,28835.32,0.0,30.8,69.2,92.72,0.0,7.28,7.28,46.82,253058.41,21997.37,21997.37,4020088.54,0
265,SANDRA BIAN,12306,PDT,Feminino,PORTO ALEGRE / RS,parda,Solteira,Superior incompleto,1972-06-03,PDT,https://d99xxpiicwteh.cloudfront.net/data-profile/img/2024/oficial/240002292917.jpeg,52.0,,,,,,,,,,,,,105000.0,0
266,SANDRA RAIMUNDO,55060,PSD,Feminino,FLORIANÓPOLIS / SC,branca,Casada,Superior completo,1962-11-12,PSD,https://d99xxpiicwteh.cloudfront.net/data-profile/img/2024/oficial/240001988768.jpeg,61.0,23300.0,0.0,85.84,14.16,100.0,8.58,0.0,0.0,5.58,253058.41,2810.0,2810.0,103634.64,2
267,SANDRINHO PENTEADO,11444,PP,Masculino,FLORIANÓPOLIS / SC,branca,Solteiro,Ensino Médio completo,1975-12-05,PP,https://d99xxpiicwteh.cloudfront.net/data-profile/img/2024/oficial/240002151407.jpeg,48.0,38022.72,0.0,100.0,0.0,18.41,0.0,81.59,81.59,0.0,,,,650000.0,0
268,SANDRO GALINHO,11012,PP,Masculino,FLORIANÓPOLIS / SC,branca,Solteiro,Ensino Médio completo,1972-04-12,PP,https://d99xxpiicwteh.cloudfront.net/data-profile/img/2024/oficial/240002151405.jpeg,52.0,38022.72,0.0,100.0,0.0,18.41,0.0,81.59,81.59,0.0,,,,685000.0,0
269,SANDRO SILVEIRA,12222,PDT,Masculino,FLORIANÓPOLIS / SC,branca,Casado,Ensino Médio completo,1964-12-02,PDT,https://d99xxpiicwteh.cloudfront.net/data-profile/img/2024/oficial/240002292915.jpeg,59.0,22500.0,0.0,100.0,0.0,97.78,2.22,2.22,2.22,0.0,253058.41,805.0,805.0,127000.0,1
270,SARGENTO MATTOS,10190,REPUBLICANOS,Masculino,FLORIANÓPOLIS / SC,branca,Casado,Superior completo,1978-03-20,REPUBLICANOS,https://d99xxpiicwteh.cloudfront.net/data-profile/img/2024/oficial/240001947381.jpeg,46.0,12833.0,0.0,64.93,35.07,100.0,0.0,0.0,0.0,35.07,253058.41,8410.0,8410.0,813185.3200000001,1
271,SARGENTO MORAES,22190,PL,Masculino,FLORIANÓPOLIS / SC,preta,Casado,Superior completo,1984-09-11,PL,https://d99xxpiicwteh.cloudfront.net/data-profile/img/2024/oficial/240002149677.jpeg,40.0,50200.0,0.0,99.6,0.4,100.0,0.0,0.0,0.0,0.4,253058.41,12260.0,12260.0,388562.87000000005,0
272,SIDNEI DO NASCIMENTO,20586,PODE,Masculino,CURITIBA / PR,preta,Solteiro,Ensino Fundamental completo,1966-08-11,PODE,https://d99xxpiicwteh.cloudfront.net/data-profile/img/2024/oficial/240002029045.jpeg,58.0,5000.0,0.0,100.0,0.0,100.0,0.0,0.0,0.0,0.0,,,,0.0,0
273,SIMONE ANDRADE,11777,PP,Feminino,FLORIANÓPOLIS / SC,branca,Solteira,Ensino Médio completo,1972-06-20,PP,https://d99xxpiicwteh.cloudfront.net/data-profile/img/2024/oficial/240002151411.jpeg,52.0,67741.51,0.0,86.65,13.35,62.47,5.39,37.53,37.53,0.0,253058.41,30110.45,0.0,330000.0,2
274,SIMONE TOMKELSKI,10137,REPUBLICANOS,Feminino,LAGES / SC,branca,Casada,Ensino Fundamental completo,1972-11-13,REPUBLICANOS,https://d99xxpiicwteh.cloudfront.net/data-profile/img/2024/oficial/240001947364.jpeg,51.0,8333.0,0.0,100.0,0.0,100.0,0.0,0.0,0.0,0.0,253058.41,6500.0,6500.0,93300.0,0
275,SODRÉ,18420,REDE,Masculino,SÃO PAULO / SP,branca,Solteiro,Superior incompleto,1981-08-04,Federação PSOL REDE(PSOL/REDE),https://d99xxpiicwteh.cloudfront.net/data-profile/img/2024/oficial/240002293292.jpeg,43.0,30000.0,0.0,100.0,0.0,100.0,0.0,0.0,0.0,0.0,253058.41,2920.0,0.0,0.0,2
276,SUBOFICIAL ANFRISIO,20100,PODE,Masculino,SÃO LUÍS / MA,branca,Casado,Superior completo,1970-05-02,PODE,https://d99xxpiicwteh.cloudfront.net/data-profile/img/2024/oficial/240002029037.jpeg,54.0,8000.0,0.0,87.5,12.5,100.0,0.0,0.0,0.0,12.5,,,,0.0,1
277,SUELI RAMOS,10582,REPUBLICANOS,Feminino,LARANJEIRAS DO SUL / PR,parda,Solteira,Ensino Fundamental completo,1983-12-09,REPUBLICANOS,https://d99xxpiicwteh.cloudfront.net/data-profile/img/2024/oficial/240001947366.jpeg,40.0,,,,,,,,,,,,,350000.0,1
278,TÂNIA BEATRIZ KLEIN,44265,UNIÃO,Feminino,FLORIANÓPOLIS / SC,branca,Solteira,Ensino Médio completo,1965-08-13,UNIÃO,https://d99xxpiicwteh.cloudfront.net/data-profile/img/2024/oficial/240002148996.jpeg,59.0,9780.0,0.0,100.0,0.0,100.0,0.0,0.0,0.0,0.0,253058.41,5594.99,5594.99,0.0,0
279,TÂNIA RAMOS,50777,PSOL,Feminino,FLORIANÓPOLIS / SC,preta,Solteira,Ensino Médio completo,1964-08-21,Federação PSOL REDE(PSOL/REDE),https://d99xxpiicwteh.cloudfront.net/data-profile/img/2024/oficial/240002293299.jpeg,60.0,232205.64,0.0,98.56,1.44,100.0,0.0,0.0,0.0,0.0,253058.41,74163.27,22863.27,328800.0,6
280,TATA DO PATROLA,15050,MDB,Feminino,FLORIANÓPOLIS / SC,branca,Divorciada,Superior completo,1976-12-11,MDB,https://d99xxpiicwteh.cloudfront.net/data-profile/img/2024/oficial/240002150358.jpeg,47.0,10000.0,0.0,100.0,0.0,100.0,0.0,0.0,0.0,0.0,253058.41,1000.0,1000.0,29711.86,0
281,TEDINHO,20020,PODE,Masculino,FLORIANÓPOLIS / SC,branca,Solteiro,Ensino Médio incompleto,1981-03-11,PODE,https://d99xxpiicwteh.cloudfront.net/data-profile/img/2024/oficial/240002029028.jpeg,43.0,,,,,,,,,,,,,189000.0,0
282,TEFINHA,11133,PP,Feminino,FLORIANÓPOLIS / SC,preta,Separada judicialmente,Ensino Médio completo,1991-02-16,PP,https://d99xxpiicwteh.cloudfront.net/data-profile/img/2024/oficial/240002151414.jpeg,33.0,57116.05,8.61,84.15,7.24,55.49,0.52,44.51,44.51,0.0,253058.41,18110.45,0.0,0.0,0
283,TELINHO DO CAVACO,55123,PSD,Masculino,RIO DE JANEIRO / RJ,preta,Solteiro,Ensino Médio completo,1975-11-15,PSD,https://d99xxpiicwteh.cloudfront.net/data-profile/img/2024/oficial/240001988765.jpeg,48.0,20100.0,0.0,99.5,0.5,100.0,0.0,0.0,0.0,0.5,253058.41,100.0,100.0,0.0,0
284,THAISE DA SAÚDE,55192,PSD,Feminino,FLORIANÓPOLIS / SC,preta,Solteira,Ensino Médio completo,1987-08-29,PSD,https://d99xxpiicwteh.cloudfront.net/data-profile/img/2024/oficial/240001988751.jpeg,37.0,,,,,,,,,,,,,0.0,0
285,THERESA FANTINI,12112,PDT,Feminino,FLORIANÓPOLIS / SC,branca,Viúva,Ensino Médio completo,1967-02-09,PDT,https://d99xxpiicwteh.cloudfront.net/data-profile/img/2024/oficial/240002292913.jpeg,57.0,12500.0,0.0,100.0,0.0,96.0,4.0,4.0,4.0,0.0,253058.41,3850.0,3450.0,500000.0,0
286,THIAGO ALEGRE,30999,NOVO,Masculino,FLORIANÓPOLIS / SC,branca,Casado,Superior completo,1986-02-02,NOVO,https://d99xxpiicwteh.cloudfront.net/data-profile/img/2024/oficial/240001911805.jpeg,38.0,14093.05,0.0,55.22,44.78,85.1,0.0,14.9,14.9,0.0,253058.41,4141.15,4141.15,760000.0,0
287,THIAGO CHAVES,30123,NOVO,Masculino,FLORIANÓPOLIS / SC,branca,Solteiro,Superior completo,1985-07-11,NOVO,https://d99xxpiicwteh.cloudfront.net/data-profile/img/2024/oficial/240001911796.jpeg,39.0,45477.05,0.0,15.27,84.73,95.38,25.07,4.62,4.62,17.59,253058.41,33837.29,33837.29,752088.8200000001,2
288,TIAGO MEURER DO GABRIELZINHO,20151,PODE,Masculino,FLORIANÓPOLIS / SC,branca,Casado,Superior completo,1985-10-03,PODE,https://d99xxpiicwteh.cloudfront.net/data-profile/img/2024/oficial/240002029041.jpeg,39.0,65015.0,0.0,0.0,100.0,70.08,94.52,29.92,29.92,2.31,253058.41,31856.19,27861.19,116666.20000000001,0
289,TIAGO SILVA,12012,PDT,Masculino,FLORIANÓPOLIS / SC,preta,Solteiro,Superior incompleto,1982-09-11,PDT,https://d99xxpiicwteh.cloudfront.net/data-profile/img/2024/oficial/240002292914.jpeg,42.0,100000.0,0.0,100.0,0.0,100.0,0.0,0.0,0.0,0.0,253058.41,88148.27,88148.27,1100000.0,4
290,VALTER COSTA (TICO),12874,PDT,Masculino,FLORIANÓPOLIS / SC,preta,Casado,Superior completo,1978-08-02,PDT,https://d99xxpiicwteh.cloudfront.net/data-profile/img/2024/oficial/240002292906.jpeg,46.0,20500.0,0.0,100.0,0.0,97.56,2.44,2.44,2.44,0.0,253058.41,12000.0,10000.0,80000.0,1
291,VANDERLEI SNOOPY,30324,NOVO,Masculino,JOÃO MONLEVADE / MG,parda,Solteiro,Superior completo,1978-05-14,NOVO,https://d99xxpiicwteh.cloudfront.net/data-profile/img/2024/oficial/240001911788.jpeg,46.0,15335.32,0.0,62.22,37.78,86.31,0.0,13.69,13.69,0.0,253058.41,8571.99,5571.99,0.0,0
292,VANDERLEI VIGILANTE,45345,PSDB,Masculino,CÁCERES / MT,preta,Solteiro,Ensino Médio completo,1965-01-22,Federação PSDB CIDADANIA(PSDB/CIDADANIA),https://d99xxpiicwteh.cloudfront.net/data-profile/img/2024/oficial/240002292426.jpeg,59.0,,,,,,,,,,,,,0.0,1
293,VANIO DOS SANTOS,13000,PT,Masculino,GRAVATAL / SC,branca,Solteiro,Superior completo,1961-04-27,Federação BRASIL DA ESPERANÇA - FE BRASIL(PT/PC do B/PV),https://d99xxpiicwteh.cloudfront.net/data-profile/img/2024/oficial/240002149324.jpeg,63.0,94889.94,0.0,46.3,53.7,100.0,44.0,0.0,0.0,0.0,253058.41,83592.8,73092.8,3831031.58,3
294,VIDAL,40050,PSB,Masculino,FLORIANÓPOLIS / SC,preta,Viúvo,Ensino Médio completo,1953-07-05,PSB,https://d99xxpiicwteh.cloudfront.net/data-profile/img/2024/oficial/240002291719.jpeg,71.0,2000.0,0.0,100.0,0.0,100.0,0.0,0.0,0.0,0.0,,,,0.0,0
295,VINI DE LUCA,12000,PDT,Masculino,CRICIÚMA / SC,branca,Casado,Superior completo,1977-03-11,PDT,https://d99xxpiicwteh.cloudfront.net/data-profile/img/2024/oficial/240002292918.jpeg,47.0,30000.0,0.0,100.0,0.0,100.0,0.0,0.0,0.0,0.0,253058.41,23043.97,23043.97,104000.0,1
296,VINICIUS PARENTE,11190,PP,Masculino,FLORIANÓPOLIS / SC,branca,Casado,Superior completo,1982-09-30,PP,https://d99xxpiicwteh.cloudfront.net/data-profile/img/2024/oficial/240002151410.jpeg,42.0,40258.72,0.0,75.79,24.21,22.94,2.48,77.06,77.06,3.07,,,,70000.0,1
297,VITOR SILVEIRA,13131,PT,Masculino,FLORIANÓPOLIS / SC,branca,Solteiro,Ensino Médio completo,1982-04-02,Federação BRASIL DA ESPERANÇA - FE BRASIL(PT/PC do B/PV),https://d99xxpiicwteh.cloudfront.net/data-profile/img/2024/oficial/240002149319.jpeg,42.0,131464.35,0.0,85.66,14.34,100.0,4.37,0.0,0.0,0.0,253058.41,19958.71,12458.71,74000.0,0
298,VITOR XUXA COLETIVA EDUCA CULT,50700,PSOL,Masculino,TUBARÃO / SC,branca,Solteiro,Superior completo,1992-03-17,Federação PSOL REDE(PSOL/REDE),https://d99xxpiicwteh.cloudfront.net/data-profile/img/2024/oficial/240002293280.jpeg,32.0,35515.7,0.0,76.02,23.98,100.0,8.13,0.0,0.0,0.0,253058.41,9660.49,6205.49,0.0,0
299,WAGNER PEH,10222,REPUBLICANOS,Masculino,FLORIANÓPOLIS / SC,preta,Solteiro,Superior completo,1982-02-26,REPUBLICANOS,https://d99xxpiicwteh.cloudfront.net/data-profile/img/2024/oficial/240001947361.jpeg,42.0,11308.0,0.0,95.58,4.42,100.0,4.42,0.0,0.0,0.0,253058.41,7790.0,7790.0,403000.0,0
300,WALTER NOGUEIRA,44007,UNIÃO,Masculino,SÃO PAULO / SP,branca,Casado,Superior completo,1958-12-21,UNIÃO,https://d99xxpiicwteh.cloudfront.net/data-profile/img/2024/oficial/240002149004.jpeg,65.0,9780.0,0.0,100.0,0.0,100.0,0.0,0.0,0.0,0.0,,,,0.0,0
301,WILSON LAPA,45300,PSDB,Masculino,FLORIANÓPOLIS / SC,branca,Casado,Ensino Fundamental incompleto,1971-11-26,Federação PSDB CIDADANIA(PSDB/CIDADANIA),https://d99xxpiicwteh.cloudfront.net/data-profile/img/2024/oficial/240002292443.jpeg,52.0,,,,,,,,,,,,,0.0,0
302,ZÉ BETO,20123,PODE,Masculino,FLORIANÓPOLIS / SC,branca,Casado,Ensino Médio incompleto,1974-04-02,PODE,https://d99xxpiicwteh.cloudfront.net/data-profile/img/2024/oficial/240002029039.jpeg,50.0,5000.0,0.0,100.0,0.0,100.0,0.0,0.0,0.0,0.0,,,,650000.0,0
303,ZETE,12555,PDT,Feminino,FLORIANÓPOLIS / SC,preta,Divorciada,Ensino Médio completo,1957-10-01,PDT,https://d99xxpiicwteh.cloudfront.net/data-profile/img/2024/oficial/240002292904.jpeg,67.0,500.0,0.0,0.0,100.0,100.0,100.0,0.0,0.0,0.0,253058.41,400.0,400.0,0.0,5
304,ZEZO CATUABA,15020,MDB,Masculino,FLORIANÓPOLIS / SC,branca,Casado,Ensino Médio completo,1976-09-22,MDB,https://d99xxpiicwteh.cloudfront.net/data-profile/img/2024/oficial/240002150365.jpeg,48.0,10000.0,0.0,100.0,0.0,100.0,0.0,0.0,0.0,0.0,,,,0.0,1
